player_id,archetype,session_id,table_id,timestamp,round_no,bet_type,bet_amount,outcome,payout,is_win
P00,consistent,P00-D1-S1,T1,2026-06-01 14:00:00,1,Banker,500,Player,0.0,False
P00,consistent,P00-D1-S1,T1,2026-06-01 14:00:45,2,Banker,500,Banker,475.0,True
P00,consistent,P00-D1-S1,T1,2026-06-01 14:01:30,3,Player,500,Player,500,True
P00,consistent,P00-D1-S1,T1,2026-06-01 14:02:15,4,Banker,500,Player,0.0,False
P00,consistent,P00-D1-S1,T1,2026-06-01 14:03:00,5,Banker,500,Banker,475.0,True
P00,consistent,P00-D1-S1,T1,2026-06-01 14:03:45,6,Player,500,Banker,0.0,False
P00,consistent,P00-D1-S1,T1,2026-06-01 14:04:30,7,Banker,500,Banker,475.0,True
P00,consistent,P00-D1-S1,T1,2026-06-01 14:05:15,8,Player,500,Player,500,True
P00,consistent,P00-D1-S1,T1,2026-06-01 14:06:00,9,Player,500,Banker,0.0,False
P00,consistent,P00-D1-S1,T1,2026-06-01 14:06:45,10,Banker,500,Player,0.0,False
P00,consistent,P00-D1-S1,T1,2026-06-01 14:07:30,11,Player,500,Player,500,True
P00,consistent,P00-D1-S1,T1,2026-06-01 14:08:15,12,Banker,500,Banker,475.0,True
P00,consistent,P00-D1-S1,T1,2026-06-01 14:09:00,13,Banker,500,Tie,0.0,False
P00,consistent,P00-D1-S1,T1,2026-06-01 14:09:45,14,Banker,500,Banker,475.0,True
P00,consistent,P00-D1-S1,T1,2026-06-01 14:10:30,15,Player,500,Player,500,True
P00,consistent,P00-D1-S1,T1,2026-06-01 14:11:15,16,Player,500,Player,500,True
P00,consistent,P00-D1-S1,T1,2026-06-01 14:12:00,17,Tie,500,Player,0.0,False
P00,consistent,P00-D1-S1,T1,2026-06-01 14:12:45,18,Player,500,Banker,0.0,False
P00,consistent,P00-D1-S1,T1,2026-06-01 14:13:30,19,Player,500,Player,500,True
P00,consistent,P00-D1-S1,T1,2026-06-01 14:14:15,20,Player,500,Player,500,True
P00,consistent,P00-D1-S1,T1,2026-06-01 14:15:00,21,Banker,500,Player,0.0,False
P00,consistent,P00-D1-S1,T1,2026-06-01 14:15:45,22,Banker,500,Banker,475.0,True
P00,consistent,P00-D1-S1,T1,2026-06-01 14:16:30,23,Banker,500,Banker,475.0,True
P00,consistent,P00-D1-S1,T1,2026-06-01 14:17:15,24,Banker,500,Banker,475.0,True
P00,consistent,P00-D1-S1,T1,2026-06-01 14:18:00,25,Banker,500,Player,0.0,False
P00,consistent,P00-D1-S1,T1,2026-06-01 14:18:45,26,Banker,500,Banker,475.0,True
P00,consistent,P00-D1-S1,T1,2026-06-01 14:19:30,27,Player,500,Banker,0.0,False
P00,consistent,P00-D1-S1,T1,2026-06-01 14:20:15,28,Player,500,Player,500,True
P00,consistent,P00-D1-S1,T1,2026-06-01 14:21:00,29,Player,500,Banker,0.0,False
P00,consistent,P00-D1-S1,T1,2026-06-01 14:21:45,30,Banker,500,Banker,475.0,True
P00,consistent,P00-D1-S2,T1,2026-06-01 20:00:00,1,Player,500,Tie,0.0,False
P00,consistent,P00-D1-S2,T1,2026-06-01 20:00:45,2,Player,500,Player,500,True
P00,consistent,P00-D1-S2,T1,2026-06-01 20:01:30,3,Player,500,Player,500,True
P00,consistent,P00-D1-S2,T1,2026-06-01 20:02:15,4,Banker,500,Banker,475.0,True
P00,consistent,P00-D1-S2,T1,2026-06-01 20:03:00,5,Banker,500,Banker,475.0,True
P00,consistent,P00-D1-S2,T1,2026-06-01 20:03:45,6,Player,500,Banker,0.0,False
P00,consistent,P00-D1-S2,T1,2026-06-01 20:04:30,7,Banker,500,Player,0.0,False
P00,consistent,P00-D1-S2,T1,2026-06-01 20:05:15,8,Banker,500,Player,0.0,False
P00,consistent,P00-D1-S2,T1,2026-06-01 20:06:00,9,Banker,500,Tie,0.0,False
P00,consistent,P00-D1-S2,T1,2026-06-01 20:06:45,10,Banker,500,Banker,475.0,True
P00,consistent,P00-D1-S2,T1,2026-06-01 20:07:30,11,Banker,500,Player,0.0,False
P00,consistent,P00-D1-S2,T1,2026-06-01 20:08:15,12,Player,500,Player,500,True
P00,consistent,P00-D1-S2,T1,2026-06-01 20:09:00,13,Banker,500,Banker,475.0,True
P00,consistent,P00-D1-S2,T1,2026-06-01 20:09:45,14,Player,500,Tie,0.0,False
P00,consistent,P00-D1-S2,T1,2026-06-01 20:10:30,15,Banker,500,Banker,475.0,True
P00,consistent,P00-D1-S2,T1,2026-06-01 20:11:15,16,Player,500,Banker,0.0,False
P00,consistent,P00-D1-S2,T1,2026-06-01 20:12:00,17,Banker,500,Player,0.0,False
P00,consistent,P00-D1-S2,T1,2026-06-01 20:12:45,18,Banker,500,Banker,475.0,True
P00,consistent,P00-D1-S2,T1,2026-06-01 20:13:30,19,Player,500,Tie,0.0,False
P00,consistent,P00-D1-S2,T1,2026-06-01 20:14:15,20,Player,500,Tie,0.0,False
P00,consistent,P00-D1-S2,T1,2026-06-01 20:15:00,21,Player,500,Banker,0.0,False
P00,consistent,P00-D1-S2,T1,2026-06-01 20:15:45,22,Player,500,Player,500,True
P00,consistent,P00-D1-S2,T1,2026-06-01 20:16:30,23,Player,500,Banker,0.0,False
P00,consistent,P00-D1-S2,T1,2026-06-01 20:17:15,24,Banker,500,Banker,475.0,True
P00,consistent,P00-D1-S2,T1,2026-06-01 20:18:00,25,Tie,500,Banker,0.0,False
P00,consistent,P00-D1-S2,T1,2026-06-01 20:18:45,26,Banker,500,Player,0.0,False
P00,consistent,P00-D1-S2,T1,2026-06-01 20:19:30,27,Banker,500,Player,0.0,False
P00,consistent,P00-D1-S2,T1,2026-06-01 20:20:15,28,Player,500,Tie,0.0,False
P00,consistent,P00-D1-S2,T1,2026-06-01 20:21:00,29,Player,500,Banker,0.0,False
P00,consistent,P00-D1-S2,T1,2026-06-01 20:21:45,30,Banker,500,Player,0.0,False
P00,consistent,P00-D2-S1,T1,2026-06-02 14:00:00,1,Player,500,Player,500,True
P00,consistent,P00-D2-S1,T1,2026-06-02 14:00:45,2,Player,500,Player,500,True
P00,consistent,P00-D2-S1,T1,2026-06-02 14:01:30,3,Banker,500,Banker,475.0,True
P00,consistent,P00-D2-S1,T1,2026-06-02 14:02:15,4,Player,500,Banker,0.0,False
P00,consistent,P00-D2-S1,T1,2026-06-02 14:03:00,5,Player,500,Player,500,True
P00,consistent,P00-D2-S1,T1,2026-06-02 14:03:45,6,Banker,500,Banker,475.0,True
P00,consistent,P00-D2-S1,T1,2026-06-02 14:04:30,7,Player,500,Player,500,True
P00,consistent,P00-D2-S1,T1,2026-06-02 14:05:15,8,Banker,500,Banker,475.0,True
P00,consistent,P00-D2-S1,T1,2026-06-02 14:06:00,9,Player,500,Banker,0.0,False
P00,consistent,P00-D2-S1,T1,2026-06-02 14:06:45,10,Banker,500,Player,0.0,False
P00,consistent,P00-D2-S1,T1,2026-06-02 14:07:30,11,Player,500,Player,500,True
P00,consistent,P00-D2-S1,T1,2026-06-02 14:08:15,12,Player,500,Banker,0.0,False
P00,consistent,P00-D2-S1,T1,2026-06-02 14:09:00,13,Banker,500,Banker,475.0,True
P00,consistent,P00-D2-S1,T1,2026-06-02 14:09:45,14,Player,500,Player,500,True
P00,consistent,P00-D2-S1,T1,2026-06-02 14:10:30,15,Banker,500,Banker,475.0,True
P00,consistent,P00-D2-S1,T1,2026-06-02 14:11:15,16,Player,500,Tie,0.0,False
P00,consistent,P00-D2-S1,T1,2026-06-02 14:12:00,17,Player,500,Banker,0.0,False
P00,consistent,P00-D2-S1,T1,2026-06-02 14:12:45,18,Banker,500,Banker,475.0,True
P00,consistent,P00-D2-S1,T1,2026-06-02 14:13:30,19,Player,500,Banker,0.0,False
P00,consistent,P00-D2-S1,T1,2026-06-02 14:14:15,20,Banker,500,Banker,475.0,True
P00,consistent,P00-D2-S1,T1,2026-06-02 14:15:00,21,Player,500,Banker,0.0,False
P00,consistent,P00-D2-S1,T1,2026-06-02 14:15:45,22,Player,500,Banker,0.0,False
P00,consistent,P00-D2-S1,T1,2026-06-02 14:16:30,23,Banker,500,Player,0.0,False
P00,consistent,P00-D2-S1,T1,2026-06-02 14:17:15,24,Player,500,Banker,0.0,False
P00,consistent,P00-D2-S1,T1,2026-06-02 14:18:00,25,Banker,500,Banker,475.0,True
P00,consistent,P00-D2-S1,T1,2026-06-02 14:18:45,26,Player,500,Tie,0.0,False
P00,consistent,P00-D2-S1,T1,2026-06-02 14:19:30,27,Player,500,Player,500,True
P00,consistent,P00-D2-S1,T1,2026-06-02 14:20:15,28,Banker,500,Player,0.0,False
P00,consistent,P00-D2-S1,T1,2026-06-02 14:21:00,29,Banker,500,Banker,475.0,True
P00,consistent,P00-D2-S1,T1,2026-06-02 14:21:45,30,Banker,500,Banker,475.0,True
P00,consistent,P00-D2-S2,T1,2026-06-02 20:00:00,1,Player,500,Player,500,True
P00,consistent,P00-D2-S2,T1,2026-06-02 20:00:45,2,Banker,500,Tie,0.0,False
P00,consistent,P00-D2-S2,T1,2026-06-02 20:01:30,3,Banker,500,Banker,475.0,True
P00,consistent,P00-D2-S2,T1,2026-06-02 20:02:15,4,Banker,500,Player,0.0,False
P00,consistent,P00-D2-S2,T1,2026-06-02 20:03:00,5,Banker,500,Banker,475.0,True
P00,consistent,P00-D2-S2,T1,2026-06-02 20:03:45,6,Banker,500,Banker,475.0,True
P00,consistent,P00-D2-S2,T1,2026-06-02 20:04:30,7,Player,500,Banker,0.0,False
P00,consistent,P00-D2-S2,T1,2026-06-02 20:05:15,8,Player,500,Banker,0.0,False
P00,consistent,P00-D2-S2,T1,2026-06-02 20:06:00,9,Banker,500,Player,0.0,False
P00,consistent,P00-D2-S2,T1,2026-06-02 20:06:45,10,Player,500,Tie,0.0,False
P00,consistent,P00-D2-S2,T1,2026-06-02 20:07:30,11,Player,500,Tie,0.0,False
P00,consistent,P00-D2-S2,T1,2026-06-02 20:08:15,12,Banker,500,Player,0.0,False
P00,consistent,P00-D2-S2,T1,2026-06-02 20:09:00,13,Banker,500,Player,0.0,False
P00,consistent,P00-D2-S2,T1,2026-06-02 20:09:45,14,Banker,500,Banker,475.0,True
P00,consistent,P00-D2-S2,T1,2026-06-02 20:10:30,15,Tie,500,Banker,0.0,False
P00,consistent,P00-D2-S2,T1,2026-06-02 20:11:15,16,Player,500,Banker,0.0,False
P00,consistent,P00-D2-S2,T1,2026-06-02 20:12:00,17,Banker,500,Banker,475.0,True
P00,consistent,P00-D2-S2,T1,2026-06-02 20:12:45,18,Tie,500,Tie,4000.0,True
P00,consistent,P00-D2-S2,T1,2026-06-02 20:13:30,19,Player,500,Player,500,True
P00,consistent,P00-D2-S2,T1,2026-06-02 20:14:15,20,Banker,500,Banker,475.0,True
P00,consistent,P00-D2-S2,T1,2026-06-02 20:15:00,21,Player,500,Tie,0.0,False
P00,consistent,P00-D2-S2,T1,2026-06-02 20:15:45,22,Player,500,Player,500,True
P00,consistent,P00-D2-S2,T1,2026-06-02 20:16:30,23,Player,500,Banker,0.0,False
P00,consistent,P00-D2-S2,T1,2026-06-02 20:17:15,24,Player,500,Player,500,True
P00,consistent,P00-D2-S2,T1,2026-06-02 20:18:00,25,Tie,500,Banker,0.0,False
P00,consistent,P00-D2-S2,T1,2026-06-02 20:18:45,26,Banker,500,Banker,475.0,True
P00,consistent,P00-D2-S2,T1,2026-06-02 20:19:30,27,Player,500,Player,500,True
P00,consistent,P00-D2-S2,T1,2026-06-02 20:20:15,28,Banker,500,Banker,475.0,True
P00,consistent,P00-D2-S2,T1,2026-06-02 20:21:00,29,Banker,500,Player,0.0,False
P00,consistent,P00-D2-S2,T1,2026-06-02 20:21:45,30,Player,500,Player,500,True
P00,consistent,P00-D3-S1,T1,2026-06-03 14:00:00,1,Player,500,Banker,0.0,False
P00,consistent,P00-D3-S1,T1,2026-06-03 14:00:45,2,Player,500,Player,500,True
P00,consistent,P00-D3-S1,T1,2026-06-03 14:01:30,3,Player,500,Banker,0.0,False
P00,consistent,P00-D3-S1,T1,2026-06-03 14:02:15,4,Banker,500,Banker,475.0,True
P00,consistent,P00-D3-S1,T1,2026-06-03 14:03:00,5,Banker,500,Player,0.0,False
P00,consistent,P00-D3-S1,T1,2026-06-03 14:03:45,6,Player,500,Banker,0.0,False
P00,consistent,P00-D3-S1,T1,2026-06-03 14:04:30,7,Banker,500,Banker,475.0,True
P00,consistent,P00-D3-S1,T1,2026-06-03 14:05:15,8,Tie,500,Tie,4000.0,True
P00,consistent,P00-D3-S1,T1,2026-06-03 14:06:00,9,Banker,500,Banker,475.0,True
P00,consistent,P00-D3-S1,T1,2026-06-03 14:06:45,10,Player,500,Banker,0.0,False
P00,consistent,P00-D3-S1,T1,2026-06-03 14:07:30,11,Player,500,Player,500,True
P00,consistent,P00-D3-S1,T1,2026-06-03 14:08:15,12,Banker,500,Banker,475.0,True
P00,consistent,P00-D3-S1,T1,2026-06-03 14:09:00,13,Player,500,Player,500,True
P00,consistent,P00-D3-S1,T1,2026-06-03 14:09:45,14,Tie,500,Player,0.0,False
P00,consistent,P00-D3-S1,T1,2026-06-03 14:10:30,15,Banker,500,Player,0.0,False
P00,consistent,P00-D3-S1,T1,2026-06-03 14:11:15,16,Banker,500,Player,0.0,False
P00,consistent,P00-D3-S1,T1,2026-06-03 14:12:00,17,Player,500,Player,500,True
P00,consistent,P00-D3-S1,T1,2026-06-03 14:12:45,18,Banker,500,Banker,475.0,True
P00,consistent,P00-D3-S1,T1,2026-06-03 14:13:30,19,Player,500,Banker,0.0,False
P00,consistent,P00-D3-S1,T1,2026-06-03 14:14:15,20,Player,500,Banker,0.0,False
P00,consistent,P00-D3-S1,T1,2026-06-03 14:15:00,21,Banker,500,Player,0.0,False
P00,consistent,P00-D3-S1,T1,2026-06-03 14:15:45,22,Banker,500,Player,0.0,False
P00,consistent,P00-D3-S1,T1,2026-06-03 14:16:30,23,Player,500,Player,500,True
P00,consistent,P00-D3-S1,T1,2026-06-03 14:17:15,24,Banker,500,Player,0.0,False
P00,consistent,P00-D3-S1,T1,2026-06-03 14:18:00,25,Banker,500,Banker,475.0,True
P00,consistent,P00-D3-S1,T1,2026-06-03 14:18:45,26,Player,500,Banker,0.0,False
P00,consistent,P00-D3-S1,T1,2026-06-03 14:19:30,27,Banker,500,Player,0.0,False
P00,consistent,P00-D3-S1,T1,2026-06-03 14:20:15,28,Player,500,Player,500,True
P00,consistent,P00-D3-S1,T1,2026-06-03 14:21:00,29,Banker,500,Banker,475.0,True
P00,consistent,P00-D3-S1,T1,2026-06-03 14:21:45,30,Player,500,Banker,0.0,False
P00,consistent,P00-D3-S2,T1,2026-06-03 20:00:00,1,Player,500,Player,500,True
P00,consistent,P00-D3-S2,T1,2026-06-03 20:00:45,2,Player,500,Player,500,True
P00,consistent,P00-D3-S2,T1,2026-06-03 20:01:30,3,Banker,500,Banker,475.0,True
P00,consistent,P00-D3-S2,T1,2026-06-03 20:02:15,4,Player,500,Banker,0.0,False
P00,consistent,P00-D3-S2,T1,2026-06-03 20:03:00,5,Player,500,Player,500,True
P00,consistent,P00-D3-S2,T1,2026-06-03 20:03:45,6,Banker,500,Player,0.0,False
P00,consistent,P00-D3-S2,T1,2026-06-03 20:04:30,7,Banker,500,Banker,475.0,True
P00,consistent,P00-D3-S2,T1,2026-06-03 20:05:15,8,Player,500,Player,500,True
P00,consistent,P00-D3-S2,T1,2026-06-03 20:06:00,9,Player,500,Banker,0.0,False
P00,consistent,P00-D3-S2,T1,2026-06-03 20:06:45,10,Player,500,Banker,0.0,False
P00,consistent,P00-D3-S2,T1,2026-06-03 20:07:30,11,Tie,500,Player,0.0,False
P00,consistent,P00-D3-S2,T1,2026-06-03 20:08:15,12,Player,500,Player,500,True
P00,consistent,P00-D3-S2,T1,2026-06-03 20:09:00,13,Player,500,Banker,0.0,False
P00,consistent,P00-D3-S2,T1,2026-06-03 20:09:45,14,Player,500,Banker,0.0,False
P00,consistent,P00-D3-S2,T1,2026-06-03 20:10:30,15,Player,500,Player,500,True
P00,consistent,P00-D3-S2,T1,2026-06-03 20:11:15,16,Banker,500,Player,0.0,False
P00,consistent,P00-D3-S2,T1,2026-06-03 20:12:00,17,Banker,500,Player,0.0,False
P00,consistent,P00-D3-S2,T1,2026-06-03 20:12:45,18,Player,500,Player,500,True
P00,consistent,P00-D3-S2,T1,2026-06-03 20:13:30,19,Player,500,Banker,0.0,False
P00,consistent,P00-D3-S2,T1,2026-06-03 20:14:15,20,Banker,500,Player,0.0,False
P00,consistent,P00-D3-S2,T1,2026-06-03 20:15:00,21,Banker,500,Player,0.0,False
P00,consistent,P00-D3-S2,T1,2026-06-03 20:15:45,22,Banker,500,Banker,475.0,True
P00,consistent,P00-D3-S2,T1,2026-06-03 20:16:30,23,Player,500,Banker,0.0,False
P00,consistent,P00-D3-S2,T1,2026-06-03 20:17:15,24,Banker,500,Tie,0.0,False
P00,consistent,P00-D3-S2,T1,2026-06-03 20:18:00,25,Banker,500,Player,0.0,False
P00,consistent,P00-D3-S2,T1,2026-06-03 20:18:45,26,Player,500,Tie,0.0,False
P00,consistent,P00-D3-S2,T1,2026-06-03 20:19:30,27,Banker,500,Tie,0.0,False
P00,consistent,P00-D3-S2,T1,2026-06-03 20:20:15,28,Banker,500,Tie,0.0,False
P00,consistent,P00-D3-S2,T1,2026-06-03 20:21:00,29,Banker,500,Tie,0.0,False
P00,consistent,P00-D3-S2,T1,2026-06-03 20:21:45,30,Banker,500,Banker,475.0,True
P01,chaser,P01-D1-S1,T2,2026-06-01 20:00:00,1,Banker,500,Player,0.0,False
P01,chaser,P01-D1-S1,T2,2026-06-01 20:00:45,2,Player,750,Player,750,True
P01,chaser,P01-D1-S1,T2,2026-06-01 20:01:30,3,Player,500,Banker,0.0,False
P01,chaser,P01-D1-S1,T2,2026-06-01 20:02:15,4,Player,750,Banker,0.0,False
P01,chaser,P01-D1-S1,T2,2026-06-01 20:03:00,5,Player,1125,Banker,0.0,False
P01,chaser,P01-D1-S1,T2,2026-06-01 20:03:45,6,Player,1500,Player,1500,True
P01,chaser,P01-D1-S1,T2,2026-06-01 20:04:30,7,Player,500,Player,500,True
P01,chaser,P01-D1-S1,T2,2026-06-01 20:05:15,8,Banker,500,Banker,475.0,True
P01,chaser,P01-D1-S1,T2,2026-06-01 20:06:00,9,Banker,500,Player,0.0,False
P01,chaser,P01-D1-S1,T2,2026-06-01 20:06:45,10,Player,750,Banker,0.0,False
P01,chaser,P01-D1-S1,T2,2026-06-01 20:07:30,11,Banker,1125,Player,0.0,False
P01,chaser,P01-D1-S1,T2,2026-06-01 20:08:15,12,Banker,1500,Banker,1425.0,True
P01,chaser,P01-D1-S1,T2,2026-06-01 20:09:00,13,Banker,500,Banker,475.0,True
P01,chaser,P01-D1-S1,T2,2026-06-01 20:09:45,14,Banker,500,Banker,475.0,True
P01,chaser,P01-D1-S1,T2,2026-06-01 20:10:30,15,Player,500,Tie,0.0,False
P01,chaser,P01-D1-S1,T2,2026-06-01 20:11:15,16,Player,750,Player,750,True
P01,chaser,P01-D1-S1,T2,2026-06-01 20:12:00,17,Player,500,Banker,0.0,False
P01,chaser,P01-D1-S1,T2,2026-06-01 20:12:45,18,Banker,750,Banker,712.5,True
P01,chaser,P01-D1-S1,T2,2026-06-01 20:13:30,19,Player,500,Banker,0.0,False
P01,chaser,P01-D1-S1,T2,2026-06-01 20:14:15,20,Banker,750,Player,0.0,False
P01,chaser,P01-D1-S1,T2,2026-06-01 20:15:00,21,Banker,1125,Banker,1068.75,True
P01,chaser,P01-D1-S1,T2,2026-06-01 20:15:45,22,Player,500,Player,500,True
P01,chaser,P01-D1-S1,T2,2026-06-01 20:16:30,23,Banker,500,Player,0.0,False
P01,chaser,P01-D1-S1,T2,2026-06-01 20:17:15,24,Player,750,Banker,0.0,False
P01,chaser,P01-D1-S1,T2,2026-06-01 20:18:00,25,Banker,1125,Player,0.0,False
P01,chaser,P01-D1-S1,T2,2026-06-01 20:18:45,26,Player,1500,Player,1500,True
P01,chaser,P01-D1-S1,T2,2026-06-01 20:19:30,27,Banker,500,Player,0.0,False
P01,chaser,P01-D1-S1,T2,2026-06-01 20:20:15,28,Banker,750,Banker,712.5,True
P01,chaser,P01-D1-S1,T2,2026-06-01 20:21:00,29,Banker,500,Banker,475.0,True
P01,chaser,P01-D1-S1,T2,2026-06-01 20:21:45,30,Banker,500,Player,0.0,False
P01,chaser,P01-D1-S2,T2,2026-06-01 22:00:00,1,Player,750,Banker,0.0,False
P01,chaser,P01-D1-S2,T2,2026-06-01 22:00:45,2,Player,1125,Banker,0.0,False
P01,chaser,P01-D1-S2,T2,2026-06-01 22:01:30,3,Banker,1500,Player,0.0,False
P01,chaser,P01-D1-S2,T2,2026-06-01 22:02:15,4,Banker,1500,Player,0.0,False
P01,chaser,P01-D1-S2,T2,2026-06-01 22:03:00,5,Player,1500,Player,1500,True
P01,chaser,P01-D1-S2,T2,2026-06-01 22:03:45,6,Banker,500,Banker,475.0,True
P01,chaser,P01-D1-S2,T2,2026-06-01 22:04:30,7,Tie,500,Banker,0.0,False
P01,chaser,P01-D1-S2,T2,2026-06-01 22:05:15,8,Banker,750,Player,0.0,False
P01,chaser,P01-D1-S2,T2,2026-06-01 22:06:00,9,Player,1125,Banker,0.0,False
P01,chaser,P01-D1-S2,T2,2026-06-01 22:06:45,10,Player,1500,Banker,0.0,False
P01,chaser,P01-D1-S2,T2,2026-06-01 22:07:30,11,Tie,1500,Player,0.0,False
P01,chaser,P01-D1-S2,T2,2026-06-01 22:08:15,12,Tie,1500,Player,0.0,False
P01,chaser,P01-D1-S2,T2,2026-06-01 22:09:00,13,Player,1500,Player,1500,True
P01,chaser,P01-D1-S2,T2,2026-06-01 22:09:45,14,Player,500,Player,500,True
P01,chaser,P01-D1-S2,T2,2026-06-01 22:10:30,15,Player,500,Player,500,True
P01,chaser,P01-D1-S2,T2,2026-06-01 22:11:15,16,Player,500,Player,500,True
P01,chaser,P01-D1-S2,T2,2026-06-01 22:12:00,17,Banker,500,Player,0.0,False
P01,chaser,P01-D1-S2,T2,2026-06-01 22:12:45,18,Player,750,Banker,0.0,False
P01,chaser,P01-D1-S2,T2,2026-06-01 22:13:30,19,Player,1125,Player,1125,True
P01,chaser,P01-D1-S2,T2,2026-06-01 22:14:15,20,Banker,500,Player,0.0,False
P01,chaser,P01-D1-S2,T2,2026-06-01 22:15:00,21,Banker,750,Banker,712.5,True
P01,chaser,P01-D1-S2,T2,2026-06-01 22:15:45,22,Banker,500,Banker,475.0,True
P01,chaser,P01-D1-S2,T2,2026-06-01 22:16:30,23,Banker,500,Player,0.0,False
P01,chaser,P01-D1-S2,T2,2026-06-01 22:17:15,24,Player,750,Banker,0.0,False
P01,chaser,P01-D1-S2,T2,2026-06-01 22:18:00,25,Banker,1125,Player,0.0,False
P01,chaser,P01-D1-S2,T2,2026-06-01 22:18:45,26,Player,1500,Banker,0.0,False
P01,chaser,P01-D1-S2,T2,2026-06-01 22:19:30,27,Banker,1500,Banker,1425.0,True
P01,chaser,P01-D1-S2,T2,2026-06-01 22:20:15,28,Player,500,Banker,0.0,False
P01,chaser,P01-D1-S2,T2,2026-06-01 22:21:00,29,Player,750,Player,750,True
P01,chaser,P01-D1-S2,T2,2026-06-01 22:21:45,30,Player,500,Player,500,True
P01,chaser,P01-D2-S1,T2,2026-06-02 20:00:00,1,Banker,500,Banker,475.0,True
P01,chaser,P01-D2-S1,T2,2026-06-02 20:00:45,2,Player,500,Banker,0.0,False
P01,chaser,P01-D2-S1,T2,2026-06-02 20:01:30,3,Tie,750,Player,0.0,False
P01,chaser,P01-D2-S1,T2,2026-06-02 20:02:15,4,Player,1125,Banker,0.0,False
P01,chaser,P01-D2-S1,T2,2026-06-02 20:03:00,5,Player,1500,Player,1500,True
P01,chaser,P01-D2-S1,T2,2026-06-02 20:03:45,6,Banker,500,Banker,475.0,True
P01,chaser,P01-D2-S1,T2,2026-06-02 20:04:30,7,Banker,500,Banker,475.0,True
P01,chaser,P01-D2-S1,T2,2026-06-02 20:05:15,8,Player,500,Banker,0.0,False
P01,chaser,P01-D2-S1,T2,2026-06-02 20:06:00,9,Banker,750,Banker,712.5,True
P01,chaser,P01-D2-S1,T2,2026-06-02 20:06:45,10,Banker,500,Player,0.0,False
P01,chaser,P01-D2-S1,T2,2026-06-02 20:07:30,11,Banker,750,Player,0.0,False
P01,chaser,P01-D2-S1,T2,2026-06-02 20:08:15,12,Player,1125,Banker,0.0,False
P01,chaser,P01-D2-S1,T2,2026-06-02 20:09:00,13,Player,1500,Banker,0.0,False
P01,chaser,P01-D2-S1,T2,2026-06-02 20:09:45,14,Banker,1500,Banker,1425.0,True
P01,chaser,P01-D2-S1,T2,2026-06-02 20:10:30,15,Banker,500,Banker,475.0,True
P01,chaser,P01-D2-S1,T2,2026-06-02 20:11:15,16,Banker,500,Banker,475.0,True
P01,chaser,P01-D2-S1,T2,2026-06-02 20:12:00,17,Banker,500,Player,0.0,False
P01,chaser,P01-D2-S1,T2,2026-06-02 20:12:45,18,Player,750,Player,750,True
P01,chaser,P01-D2-S1,T2,2026-06-02 20:13:30,19,Banker,500,Banker,475.0,True
P01,chaser,P01-D2-S1,T2,2026-06-02 20:14:15,20,Player,500,Banker,0.0,False
P01,chaser,P01-D2-S1,T2,2026-06-02 20:15:00,21,Banker,750,Tie,0.0,False
P01,chaser,P01-D2-S1,T2,2026-06-02 20:15:45,22,Player,1125,Player,1125,True
P01,chaser,P01-D2-S1,T2,2026-06-02 20:16:30,23,Player,500,Player,500,True
P01,chaser,P01-D2-S1,T2,2026-06-02 20:17:15,24,Banker,500,Tie,0.0,False
P01,chaser,P01-D2-S1,T2,2026-06-02 20:18:00,25,Banker,750,Banker,712.5,True
P01,chaser,P01-D2-S1,T2,2026-06-02 20:18:45,26,Player,500,Banker,0.0,False
P01,chaser,P01-D2-S1,T2,2026-06-02 20:19:30,27,Banker,750,Player,0.0,False
P01,chaser,P01-D2-S1,T2,2026-06-02 20:20:15,28,Player,1125,Player,1125,True
P01,chaser,P01-D2-S1,T2,2026-06-02 20:21:00,29,Player,500,Banker,0.0,False
P01,chaser,P01-D2-S1,T2,2026-06-02 20:21:45,30,Banker,750,Player,0.0,False
P01,chaser,P01-D2-S2,T2,2026-06-02 22:00:00,1,Tie,1125,Player,0.0,False
P01,chaser,P01-D2-S2,T2,2026-06-02 22:00:45,2,Banker,1500,Banker,1425.0,True
P01,chaser,P01-D2-S2,T2,2026-06-02 22:01:30,3,Player,500,Banker,0.0,False
P01,chaser,P01-D2-S2,T2,2026-06-02 22:02:15,4,Banker,750,Tie,0.0,False
P01,chaser,P01-D2-S2,T2,2026-06-02 22:03:00,5,Banker,1125,Player,0.0,False
P01,chaser,P01-D2-S2,T2,2026-06-02 22:03:45,6,Player,1500,Player,1500,True
P01,chaser,P01-D2-S2,T2,2026-06-02 22:04:30,7,Player,500,Banker,0.0,False
P01,chaser,P01-D2-S2,T2,2026-06-02 22:05:15,8,Player,750,Player,750,True
P01,chaser,P01-D2-S2,T2,2026-06-02 22:06:00,9,Tie,500,Banker,0.0,False
P01,chaser,P01-D2-S2,T2,2026-06-02 22:06:45,10,Banker,750,Player,0.0,False
P01,chaser,P01-D2-S2,T2,2026-06-02 22:07:30,11,Banker,1125,Banker,1068.75,True
P01,chaser,P01-D2-S2,T2,2026-06-02 22:08:15,12,Banker,500,Player,0.0,False
P01,chaser,P01-D2-S2,T2,2026-06-02 22:09:00,13,Player,750,Player,750,True
P01,chaser,P01-D2-S2,T2,2026-06-02 22:09:45,14,Tie,500,Banker,0.0,False
P01,chaser,P01-D2-S2,T2,2026-06-02 22:10:30,15,Player,750,Player,750,True
P01,chaser,P01-D2-S2,T2,2026-06-02 22:11:15,16,Banker,500,Player,0.0,False
P01,chaser,P01-D2-S2,T2,2026-06-02 22:12:00,17,Tie,750,Player,0.0,False
P01,chaser,P01-D2-S2,T2,2026-06-02 22:12:45,18,Player,1125,Banker,0.0,False
P01,chaser,P01-D2-S2,T2,2026-06-02 22:13:30,19,Banker,1500,Player,0.0,False
P01,chaser,P01-D2-S2,T2,2026-06-02 22:14:15,20,Player,1500,Banker,0.0,False
P01,chaser,P01-D2-S2,T2,2026-06-02 22:15:00,21,Player,1500,Banker,0.0,False
P01,chaser,P01-D2-S2,T2,2026-06-02 22:15:45,22,Banker,1500,Player,0.0,False
P01,chaser,P01-D2-S2,T2,2026-06-02 22:16:30,23,Banker,1500,Player,0.0,False
P01,chaser,P01-D2-S2,T2,2026-06-02 22:17:15,24,Player,1500,Player,1500,True
P01,chaser,P01-D2-S2,T2,2026-06-02 22:18:00,25,Banker,500,Banker,475.0,True
P01,chaser,P01-D2-S2,T2,2026-06-02 22:18:45,26,Banker,500,Player,0.0,False
P01,chaser,P01-D2-S2,T2,2026-06-02 22:19:30,27,Player,750,Banker,0.0,False
P01,chaser,P01-D2-S2,T2,2026-06-02 22:20:15,28,Player,1125,Banker,0.0,False
P01,chaser,P01-D2-S2,T2,2026-06-02 22:21:00,29,Banker,1500,Player,0.0,False
P01,chaser,P01-D2-S2,T2,2026-06-02 22:21:45,30,Player,1500,Banker,0.0,False
P01,chaser,P01-D3-S1,T2,2026-06-03 20:00:00,1,Player,1500,Banker,0.0,False
P01,chaser,P01-D3-S1,T2,2026-06-03 20:00:45,2,Player,1500,Player,1500,True
P01,chaser,P01-D3-S1,T2,2026-06-03 20:01:30,3,Player,500,Player,500,True
P01,chaser,P01-D3-S1,T2,2026-06-03 20:02:15,4,Player,500,Player,500,True
P01,chaser,P01-D3-S1,T2,2026-06-03 20:03:00,5,Banker,500,Banker,475.0,True
P01,chaser,P01-D3-S1,T2,2026-06-03 20:03:45,6,Banker,500,Player,0.0,False
P01,chaser,P01-D3-S1,T2,2026-06-03 20:04:30,7,Banker,750,Player,0.0,False
P01,chaser,P01-D3-S1,T2,2026-06-03 20:05:15,8,Banker,1125,Player,0.0,False
P01,chaser,P01-D3-S1,T2,2026-06-03 20:06:00,9,Banker,1500,Player,0.0,False
P01,chaser,P01-D3-S1,T2,2026-06-03 20:06:45,10,Banker,1500,Player,0.0,False
P01,chaser,P01-D3-S1,T2,2026-06-03 20:07:30,11,Banker,1500,Banker,1425.0,True
P01,chaser,P01-D3-S1,T2,2026-06-03 20:08:15,12,Banker,500,Banker,475.0,True
P01,chaser,P01-D3-S1,T2,2026-06-03 20:09:00,13,Player,500,Player,500,True
P01,chaser,P01-D3-S1,T2,2026-06-03 20:09:45,14,Banker,500,Banker,475.0,True
P01,chaser,P01-D3-S1,T2,2026-06-03 20:10:30,15,Player,500,Player,500,True
P01,chaser,P01-D3-S1,T2,2026-06-03 20:11:15,16,Player,500,Tie,0.0,False
P01,chaser,P01-D3-S1,T2,2026-06-03 20:12:00,17,Banker,750,Banker,712.5,True
P01,chaser,P01-D3-S1,T2,2026-06-03 20:12:45,18,Banker,500,Banker,475.0,True
P01,chaser,P01-D3-S1,T2,2026-06-03 20:13:30,19,Banker,500,Banker,475.0,True
P01,chaser,P01-D3-S1,T2,2026-06-03 20:14:15,20,Banker,500,Player,0.0,False
P01,chaser,P01-D3-S1,T2,2026-06-03 20:15:00,21,Player,750,Tie,0.0,False
P01,chaser,P01-D3-S1,T2,2026-06-03 20:15:45,22,Banker,1125,Player,0.0,False
P01,chaser,P01-D3-S1,T2,2026-06-03 20:16:30,23,Banker,1500,Player,0.0,False
P01,chaser,P01-D3-S1,T2,2026-06-03 20:17:15,24,Player,1500,Player,1500,True
P01,chaser,P01-D3-S1,T2,2026-06-03 20:18:00,25,Banker,500,Player,0.0,False
P01,chaser,P01-D3-S1,T2,2026-06-03 20:18:45,26,Banker,750,Banker,712.5,True
P01,chaser,P01-D3-S1,T2,2026-06-03 20:19:30,27,Banker,500,Tie,0.0,False
P01,chaser,P01-D3-S1,T2,2026-06-03 20:20:15,28,Banker,750,Player,0.0,False
P01,chaser,P01-D3-S1,T2,2026-06-03 20:21:00,29,Player,1125,Banker,0.0,False
P01,chaser,P01-D3-S1,T2,2026-06-03 20:21:45,30,Banker,1500,Banker,1425.0,True
P01,chaser,P01-D3-S2,T2,2026-06-03 22:00:00,1,Banker,500,Player,0.0,False
P01,chaser,P01-D3-S2,T2,2026-06-03 22:00:45,2,Banker,750,Tie,0.0,False
P01,chaser,P01-D3-S2,T2,2026-06-03 22:01:30,3,Player,1125,Player,1125,True
P01,chaser,P01-D3-S2,T2,2026-06-03 22:02:15,4,Banker,500,Player,0.0,False
P01,chaser,P01-D3-S2,T2,2026-06-03 22:03:00,5,Banker,750,Player,0.0,False
P01,chaser,P01-D3-S2,T2,2026-06-03 22:03:45,6,Player,1125,Banker,0.0,False
P01,chaser,P01-D3-S2,T2,2026-06-03 22:04:30,7,Banker,1500,Tie,0.0,False
P01,chaser,P01-D3-S2,T2,2026-06-03 22:05:15,8,Player,1500,Player,1500,True
P01,chaser,P01-D3-S2,T2,2026-06-03 22:06:00,9,Player,500,Player,500,True
P01,chaser,P01-D3-S2,T2,2026-06-03 22:06:45,10,Banker,500,Banker,475.0,True
P01,chaser,P01-D3-S2,T2,2026-06-03 22:07:30,11,Banker,500,Player,0.0,False
P01,chaser,P01-D3-S2,T2,2026-06-03 22:08:15,12,Banker,750,Banker,712.5,True
P01,chaser,P01-D3-S2,T2,2026-06-03 22:09:00,13,Banker,500,Banker,475.0,True
P01,chaser,P01-D3-S2,T2,2026-06-03 22:09:45,14,Banker,500,Player,0.0,False
P01,chaser,P01-D3-S2,T2,2026-06-03 22:10:30,15,Player,750,Banker,0.0,False
P01,chaser,P01-D3-S2,T2,2026-06-03 22:11:15,16,Banker,1125,Player,0.0,False
P01,chaser,P01-D3-S2,T2,2026-06-03 22:12:00,17,Player,1500,Player,1500,True
P01,chaser,P01-D3-S2,T2,2026-06-03 22:12:45,18,Player,500,Player,500,True
P01,chaser,P01-D3-S2,T2,2026-06-03 22:13:30,19,Player,500,Player,500,True
P01,chaser,P01-D3-S2,T2,2026-06-03 22:14:15,20,Player,500,Banker,0.0,False
P01,chaser,P01-D3-S2,T2,2026-06-03 22:15:00,21,Player,750,Player,750,True
P01,chaser,P01-D3-S2,T2,2026-06-03 22:15:45,22,Banker,500,Player,0.0,False
P01,chaser,P01-D3-S2,T2,2026-06-03 22:16:30,23,Banker,750,Banker,712.5,True
P01,chaser,P01-D3-S2,T2,2026-06-03 22:17:15,24,Player,500,Player,500,True
P01,chaser,P01-D3-S2,T2,2026-06-03 22:18:00,25,Banker,500,Banker,475.0,True
P01,chaser,P01-D3-S2,T2,2026-06-03 22:18:45,26,Player,500,Player,500,True
P01,chaser,P01-D3-S2,T2,2026-06-03 22:19:30,27,Player,500,Tie,0.0,False
P01,chaser,P01-D3-S2,T2,2026-06-03 22:20:15,28,Banker,750,Player,0.0,False
P01,chaser,P01-D3-S2,T2,2026-06-03 22:21:00,29,Banker,1125,Banker,1068.75,True
P01,chaser,P01-D3-S2,T2,2026-06-03 22:21:45,30,Banker,500,Banker,475.0,True
P02,momentum,P02-D1-S1,T1,2026-06-01 14:00:00,1,Tie,500,Banker,0.0,False
P02,momentum,P02-D1-S1,T1,2026-06-01 14:00:45,2,Player,500,Player,500,True
P02,momentum,P02-D1-S1,T1,2026-06-01 14:01:30,3,Tie,700,Tie,5600.0,True
P02,momentum,P02-D1-S1,T1,2026-06-01 14:02:15,4,Banker,979,Player,0.0,False
P02,momentum,P02-D1-S1,T1,2026-06-01 14:03:00,5,Player,500,Banker,0.0,False
P02,momentum,P02-D1-S1,T1,2026-06-01 14:03:45,6,Player,500,Player,500,True
P02,momentum,P02-D1-S1,T1,2026-06-01 14:04:30,7,Banker,700,Tie,0.0,False
P02,momentum,P02-D1-S1,T1,2026-06-01 14:05:15,8,Player,500,Player,500,True
P02,momentum,P02-D1-S1,T1,2026-06-01 14:06:00,9,Banker,700,Player,0.0,False
P02,momentum,P02-D1-S1,T1,2026-06-01 14:06:45,10,Banker,500,Banker,475.0,True
P02,momentum,P02-D1-S1,T1,2026-06-01 14:07:30,11,Player,700,Player,700,True
P02,momentum,P02-D1-S1,T1,2026-06-01 14:08:15,12,Player,979,Banker,0.0,False
P02,momentum,P02-D1-S1,T1,2026-06-01 14:09:00,13,Player,500,Banker,0.0,False
P02,momentum,P02-D1-S1,T1,2026-06-01 14:09:45,14,Player,500,Player,500,True
P02,momentum,P02-D1-S1,T1,2026-06-01 14:10:30,15,Banker,700,Banker,665.0,True
P02,momentum,P02-D1-S1,T1,2026-06-01 14:11:15,16,Tie,979,Banker,0.0,False
P02,momentum,P02-D1-S1,T1,2026-06-01 14:12:00,17,Player,500,Banker,0.0,False
P02,momentum,P02-D1-S1,T1,2026-06-01 14:12:45,18,Player,500,Tie,0.0,False
P02,momentum,P02-D1-S1,T1,2026-06-01 14:13:30,19,Banker,500,Player,0.0,False
P02,momentum,P02-D1-S1,T1,2026-06-01 14:14:15,20,Banker,500,Banker,475.0,True
P02,momentum,P02-D1-S1,T1,2026-06-01 14:15:00,21,Player,700,Player,700,True
P02,momentum,P02-D1-S1,T1,2026-06-01 14:15:45,22,Banker,979,Player,0.0,False
P02,momentum,P02-D1-S1,T1,2026-06-01 14:16:30,23,Player,500,Player,500,True
P02,momentum,P02-D1-S1,T1,2026-06-01 14:17:15,24,Player,700,Banker,0.0,False
P02,momentum,P02-D1-S1,T1,2026-06-01 14:18:00,25,Tie,500,Banker,0.0,False
P02,momentum,P02-D1-S1,T1,2026-06-01 14:18:45,26,Banker,500,Player,0.0,False
P02,momentum,P02-D1-S1,T1,2026-06-01 14:19:30,27,Player,500,Banker,0.0,False
P02,momentum,P02-D1-S1,T1,2026-06-01 14:20:15,28,Banker,500,Player,0.0,False
P02,momentum,P02-D1-S1,T1,2026-06-01 14:21:00,29,Player,500,Tie,0.0,False
P02,momentum,P02-D1-S1,T1,2026-06-01 14:21:45,30,Banker,500,Player,0.0,False
P02,momentum,P02-D1-S2,T1,2026-06-01 16:00:00,1,Banker,500,Player,0.0,False
P02,momentum,P02-D1-S2,T1,2026-06-01 16:00:45,2,Player,500,Player,500,True
P02,momentum,P02-D1-S2,T1,2026-06-01 16:01:30,3,Player,700,Banker,0.0,False
P02,momentum,P02-D1-S2,T1,2026-06-01 16:02:15,4,Banker,500,Tie,0.0,False
P02,momentum,P02-D1-S2,T1,2026-06-01 16:03:00,5,Banker,500,Player,0.0,False
P02,momentum,P02-D1-S2,T1,2026-06-01 16:03:45,6,Player,500,Tie,0.0,False
P02,momentum,P02-D1-S2,T1,2026-06-01 16:04:30,7,Player,500,Player,500,True
P02,momentum,P02-D1-S2,T1,2026-06-01 16:05:15,8,Player,700,Banker,0.0,False
P02,momentum,P02-D1-S2,T1,2026-06-01 16:06:00,9,Player,500,Banker,0.0,False
P02,momentum,P02-D1-S2,T1,2026-06-01 16:06:45,10,Player,500,Player,500,True
P02,momentum,P02-D1-S2,T1,2026-06-01 16:07:30,11,Banker,700,Banker,665.0,True
P02,momentum,P02-D1-S2,T1,2026-06-01 16:08:15,12,Tie,979,Player,0.0,False
P02,momentum,P02-D1-S2,T1,2026-06-01 16:09:00,13,Banker,500,Player,0.0,False
P02,momentum,P02-D1-S2,T1,2026-06-01 16:09:45,14,Banker,500,Player,0.0,False
P02,momentum,P02-D1-S2,T1,2026-06-01 16:10:30,15,Player,500,Player,500,True
P02,momentum,P02-D1-S2,T1,2026-06-01 16:11:15,16,Banker,700,Banker,665.0,True
P02,momentum,P02-D1-S2,T1,2026-06-01 16:12:00,17,Player,979,Banker,0.0,False
P02,momentum,P02-D1-S2,T1,2026-06-01 16:12:45,18,Banker,500,Player,0.0,False
P02,momentum,P02-D1-S2,T1,2026-06-01 16:13:30,19,Banker,500,Player,0.0,False
P02,momentum,P02-D1-S2,T1,2026-06-01 16:14:15,20,Player,500,Player,500,True
P02,momentum,P02-D1-S2,T1,2026-06-01 16:15:00,21,Banker,700,Player,0.0,False
P02,momentum,P02-D1-S2,T1,2026-06-01 16:15:45,22,Player,500,Player,500,True
P02,momentum,P02-D1-S2,T1,2026-06-01 16:16:30,23,Banker,700,Tie,0.0,False
P02,momentum,P02-D1-S2,T1,2026-06-01 16:17:15,24,Player,500,Banker,0.0,False
P02,momentum,P02-D1-S2,T1,2026-06-01 16:18:00,25,Player,500,Player,500,True
P02,momentum,P02-D1-S2,T1,2026-06-01 16:18:45,26,Banker,700,Player,0.0,False
P02,momentum,P02-D1-S2,T1,2026-06-01 16:19:30,27,Banker,500,Player,0.0,False
P02,momentum,P02-D1-S2,T1,2026-06-01 16:20:15,28,Banker,500,Player,0.0,False
P02,momentum,P02-D1-S2,T1,2026-06-01 16:21:00,29,Banker,500,Player,0.0,False
P02,momentum,P02-D1-S2,T1,2026-06-01 16:21:45,30,Tie,500,Player,0.0,False
P02,momentum,P02-D2-S1,T1,2026-06-02 14:00:00,1,Player,500,Banker,0.0,False
P02,momentum,P02-D2-S1,T1,2026-06-02 14:00:45,2,Player,500,Player,500,True
P02,momentum,P02-D2-S1,T1,2026-06-02 14:01:30,3,Player,700,Player,700,True
P02,momentum,P02-D2-S1,T1,2026-06-02 14:02:15,4,Banker,979,Banker,930.05,True
P02,momentum,P02-D2-S1,T1,2026-06-02 14:03:00,5,Player,1370,Player,1370,True
P02,momentum,P02-D2-S1,T1,2026-06-02 14:03:45,6,Banker,1500,Player,0.0,False
P02,momentum,P02-D2-S1,T1,2026-06-02 14:04:30,7,Player,500,Banker,0.0,False
P02,momentum,P02-D2-S1,T1,2026-06-02 14:05:15,8,Tie,500,Tie,4000.0,True
P02,momentum,P02-D2-S1,T1,2026-06-02 14:06:00,9,Banker,700,Player,0.0,False
P02,momentum,P02-D2-S1,T1,2026-06-02 14:06:45,10,Player,500,Banker,0.0,False
P02,momentum,P02-D2-S1,T1,2026-06-02 14:07:30,11,Banker,500,Player,0.0,False
P02,momentum,P02-D2-S1,T1,2026-06-02 14:08:15,12,Player,500,Player,500,True
P02,momentum,P02-D2-S1,T1,2026-06-02 14:09:00,13,Player,700,Banker,0.0,False
P02,momentum,P02-D2-S1,T1,2026-06-02 14:09:45,14,Banker,500,Banker,475.0,True
P02,momentum,P02-D2-S1,T1,2026-06-02 14:10:30,15,Player,700,Banker,0.0,False
P02,momentum,P02-D2-S1,T1,2026-06-02 14:11:15,16,Player,500,Player,500,True
P02,momentum,P02-D2-S1,T1,2026-06-02 14:12:00,17,Banker,700,Banker,665.0,True
P02,momentum,P02-D2-S1,T1,2026-06-02 14:12:45,18,Player,979,Player,979,True
P02,momentum,P02-D2-S1,T1,2026-06-02 14:13:30,19,Player,1370,Banker,0.0,False
P02,momentum,P02-D2-S1,T1,2026-06-02 14:14:15,20,Banker,500,Banker,475.0,True
P02,momentum,P02-D2-S1,T1,2026-06-02 14:15:00,21,Banker,700,Banker,665.0,True
P02,momentum,P02-D2-S1,T1,2026-06-02 14:15:45,22,Player,979,Banker,0.0,False
P02,momentum,P02-D2-S1,T1,2026-06-02 14:16:30,23,Player,500,Player,500,True
P02,momentum,P02-D2-S1,T1,2026-06-02 14:17:15,24,Banker,700,Banker,665.0,True
P02,momentum,P02-D2-S1,T1,2026-06-02 14:18:00,25,Player,979,Banker,0.0,False
P02,momentum,P02-D2-S1,T1,2026-06-02 14:18:45,26,Banker,500,Player,0.0,False
P02,momentum,P02-D2-S1,T1,2026-06-02 14:19:30,27,Player,500,Banker,0.0,False
P02,momentum,P02-D2-S1,T1,2026-06-02 14:20:15,28,Banker,500,Banker,475.0,True
P02,momentum,P02-D2-S1,T1,2026-06-02 14:21:00,29,Banker,700,Player,0.0,False
P02,momentum,P02-D2-S1,T1,2026-06-02 14:21:45,30,Player,500,Player,500,True
P02,momentum,P02-D2-S2,T1,2026-06-02 16:00:00,1,Banker,700,Tie,0.0,False
P02,momentum,P02-D2-S2,T1,2026-06-02 16:00:45,2,Player,500,Tie,0.0,False
P02,momentum,P02-D2-S2,T1,2026-06-02 16:01:30,3,Player,500,Banker,0.0,False
P02,momentum,P02-D2-S2,T1,2026-06-02 16:02:15,4,Player,500,Player,500,True
P02,momentum,P02-D2-S2,T1,2026-06-02 16:03:00,5,Player,700,Banker,0.0,False
P02,momentum,P02-D2-S2,T1,2026-06-02 16:03:45,6,Player,500,Player,500,True
P02,momentum,P02-D2-S2,T1,2026-06-02 16:04:30,7,Player,700,Banker,0.0,False
P02,momentum,P02-D2-S2,T1,2026-06-02 16:05:15,8,Banker,500,Player,0.0,False
P02,momentum,P02-D2-S2,T1,2026-06-02 16:06:00,9,Player,500,Player,500,True
P02,momentum,P02-D2-S2,T1,2026-06-02 16:06:45,10,Player,700,Player,700,True
P02,momentum,P02-D2-S2,T1,2026-06-02 16:07:30,11,Player,979,Player,979,True
P02,momentum,P02-D2-S2,T1,2026-06-02 16:08:15,12,Player,1370,Player,1370,True
P02,momentum,P02-D2-S2,T1,2026-06-02 16:09:00,13,Banker,1500,Player,0.0,False
P02,momentum,P02-D2-S2,T1,2026-06-02 16:09:45,14,Player,500,Banker,0.0,False
P02,momentum,P02-D2-S2,T1,2026-06-02 16:10:30,15,Banker,500,Player,0.0,False
P02,momentum,P02-D2-S2,T1,2026-06-02 16:11:15,16,Player,500,Banker,0.0,False
P02,momentum,P02-D2-S2,T1,2026-06-02 16:12:00,17,Banker,500,Banker,475.0,True
P02,momentum,P02-D2-S2,T1,2026-06-02 16:12:45,18,Tie,700,Player,0.0,False
P02,momentum,P02-D2-S2,T1,2026-06-02 16:13:30,19,Player,500,Player,500,True
P02,momentum,P02-D2-S2,T1,2026-06-02 16:14:15,20,Banker,700,Player,0.0,False
P02,momentum,P02-D2-S2,T1,2026-06-02 16:15:00,21,Banker,500,Player,0.0,False
P02,momentum,P02-D2-S2,T1,2026-06-02 16:15:45,22,Player,500,Player,500,True
P02,momentum,P02-D2-S2,T1,2026-06-02 16:16:30,23,Banker,700,Banker,665.0,True
P02,momentum,P02-D2-S2,T1,2026-06-02 16:17:15,24,Banker,979,Tie,0.0,False
P02,momentum,P02-D2-S2,T1,2026-06-02 16:18:00,25,Player,500,Tie,0.0,False
P02,momentum,P02-D2-S2,T1,2026-06-02 16:18:45,26,Tie,500,Player,0.0,False
P02,momentum,P02-D2-S2,T1,2026-06-02 16:19:30,27,Player,500,Tie,0.0,False
P02,momentum,P02-D2-S2,T1,2026-06-02 16:20:15,28,Player,500,Banker,0.0,False
P02,momentum,P02-D2-S2,T1,2026-06-02 16:21:00,29,Player,500,Banker,0.0,False
P02,momentum,P02-D2-S2,T1,2026-06-02 16:21:45,30,Player,500,Banker,0.0,False
P02,momentum,P02-D3-S1,T1,2026-06-03 14:00:00,1,Player,500,Player,500,True
P02,momentum,P02-D3-S1,T1,2026-06-03 14:00:45,2,Player,700,Player,700,True
P02,momentum,P02-D3-S1,T1,2026-06-03 14:01:30,3,Banker,979,Banker,930.05,True
P02,momentum,P02-D3-S1,T1,2026-06-03 14:02:15,4,Player,1370,Banker,0.0,False
P02,momentum,P02-D3-S1,T1,2026-06-03 14:03:00,5,Player,500,Player,500,True
P02,momentum,P02-D3-S1,T1,2026-06-03 14:03:45,6,Banker,700,Banker,665.0,True
P02,momentum,P02-D3-S1,T1,2026-06-03 14:04:30,7,Player,979,Player,979,True
P02,momentum,P02-D3-S1,T1,2026-06-03 14:05:15,8,Banker,1370,Banker,1301.5,True
P02,momentum,P02-D3-S1,T1,2026-06-03 14:06:00,9,Player,1500,Banker,0.0,False
P02,momentum,P02-D3-S1,T1,2026-06-03 14:06:45,10,Banker,500,Banker,475.0,True
P02,momentum,P02-D3-S1,T1,2026-06-03 14:07:30,11,Player,700,Banker,0.0,False
P02,momentum,P02-D3-S1,T1,2026-06-03 14:08:15,12,Banker,500,Banker,475.0,True
P02,momentum,P02-D3-S1,T1,2026-06-03 14:09:00,13,Player,700,Player,700,True
P02,momentum,P02-D3-S1,T1,2026-06-03 14:09:45,14,Banker,979,Tie,0.0,False
P02,momentum,P02-D3-S1,T1,2026-06-03 14:10:30,15,Banker,500,Player,0.0,False
P02,momentum,P02-D3-S1,T1,2026-06-03 14:11:15,16,Banker,500,Banker,475.0,True
P02,momentum,P02-D3-S1,T1,2026-06-03 14:12:00,17,Banker,700,Player,0.0,False
P02,momentum,P02-D3-S1,T1,2026-06-03 14:12:45,18,Banker,500,Tie,0.0,False
P02,momentum,P02-D3-S1,T1,2026-06-03 14:13:30,19,Banker,500,Banker,475.0,True
P02,momentum,P02-D3-S1,T1,2026-06-03 14:14:15,20,Player,700,Tie,0.0,False
P02,momentum,P02-D3-S1,T1,2026-06-03 14:15:00,21,Player,500,Banker,0.0,False
P02,momentum,P02-D3-S1,T1,2026-06-03 14:15:45,22,Tie,500,Player,0.0,False
P02,momentum,P02-D3-S1,T1,2026-06-03 14:16:30,23,Banker,500,Banker,475.0,True
P02,momentum,P02-D3-S1,T1,2026-06-03 14:17:15,24,Banker,700,Banker,665.0,True
P02,momentum,P02-D3-S1,T1,2026-06-03 14:18:00,25,Banker,979,Player,0.0,False
P02,momentum,P02-D3-S1,T1,2026-06-03 14:18:45,26,Player,500,Player,500,True
P02,momentum,P02-D3-S1,T1,2026-06-03 14:19:30,27,Banker,700,Player,0.0,False
P02,momentum,P02-D3-S1,T1,2026-06-03 14:20:15,28,Banker,500,Player,0.0,False
P02,momentum,P02-D3-S1,T1,2026-06-03 14:21:00,29,Player,500,Banker,0.0,False
P02,momentum,P02-D3-S1,T1,2026-06-03 14:21:45,30,Player,500,Banker,0.0,False
P02,momentum,P02-D3-S2,T1,2026-06-03 16:00:00,1,Banker,500,Banker,475.0,True
P02,momentum,P02-D3-S2,T1,2026-06-03 16:00:45,2,Banker,700,Player,0.0,False
P02,momentum,P02-D3-S2,T1,2026-06-03 16:01:30,3,Player,500,Banker,0.0,False
P02,momentum,P02-D3-S2,T1,2026-06-03 16:02:15,4,Player,500,Banker,0.0,False
P02,momentum,P02-D3-S2,T1,2026-06-03 16:03:00,5,Banker,500,Banker,475.0,True
P02,momentum,P02-D3-S2,T1,2026-06-03 16:03:45,6,Banker,700,Banker,665.0,True
P02,momentum,P02-D3-S2,T1,2026-06-03 16:04:30,7,Banker,979,Player,0.0,False
P02,momentum,P02-D3-S2,T1,2026-06-03 16:05:15,8,Player,500,Banker,0.0,False
P02,momentum,P02-D3-S2,T1,2026-06-03 16:06:00,9,Banker,500,Banker,475.0,True
P02,momentum,P02-D3-S2,T1,2026-06-03 16:06:45,10,Banker,700,Banker,665.0,True
P02,momentum,P02-D3-S2,T1,2026-06-03 16:07:30,11,Player,979,Player,979,True
P02,momentum,P02-D3-S2,T1,2026-06-03 16:08:15,12,Banker,1370,Player,0.0,False
P02,momentum,P02-D3-S2,T1,2026-06-03 16:09:00,13,Player,500,Player,500,True
P02,momentum,P02-D3-S2,T1,2026-06-03 16:09:45,14,Player,700,Banker,0.0,False
P02,momentum,P02-D3-S2,T1,2026-06-03 16:10:30,15,Banker,500,Tie,0.0,False
P02,momentum,P02-D3-S2,T1,2026-06-03 16:11:15,16,Player,500,Player,500,True
P02,momentum,P02-D3-S2,T1,2026-06-03 16:12:00,17,Banker,700,Player,0.0,False
P02,momentum,P02-D3-S2,T1,2026-06-03 16:12:45,18,Banker,500,Tie,0.0,False
P02,momentum,P02-D3-S2,T1,2026-06-03 16:13:30,19,Banker,500,Player,0.0,False
P02,momentum,P02-D3-S2,T1,2026-06-03 16:14:15,20,Banker,500,Player,0.0,False
P02,momentum,P02-D3-S2,T1,2026-06-03 16:15:00,21,Banker,500,Tie,0.0,False
P02,momentum,P02-D3-S2,T1,2026-06-03 16:15:45,22,Player,500,Banker,0.0,False
P02,momentum,P02-D3-S2,T1,2026-06-03 16:16:30,23,Banker,500,Banker,475.0,True
P02,momentum,P02-D3-S2,T1,2026-06-03 16:17:15,24,Player,700,Player,700,True
P02,momentum,P02-D3-S2,T1,2026-06-03 16:18:00,25,Tie,979,Banker,0.0,False
P02,momentum,P02-D3-S2,T1,2026-06-03 16:18:45,26,Banker,500,Player,0.0,False
P02,momentum,P02-D3-S2,T1,2026-06-03 16:19:30,27,Banker,500,Player,0.0,False
P02,momentum,P02-D3-S2,T1,2026-06-03 16:20:15,28,Player,500,Player,500,True
P02,momentum,P02-D3-S2,T1,2026-06-03 16:21:00,29,Player,700,Player,700,True
P02,momentum,P02-D3-S2,T1,2026-06-03 16:21:45,30,Banker,979,Player,0.0,False
P03,fallacy,P03-D1-S1,T2,2026-06-01 18:00:00,1,Banker,500,Banker,475.0,True
P03,fallacy,P03-D1-S1,T2,2026-06-01 18:00:45,2,Banker,500,Banker,475.0,True
P03,fallacy,P03-D1-S1,T2,2026-06-01 18:01:30,3,Banker,500,Banker,475.0,True
P03,fallacy,P03-D1-S1,T2,2026-06-01 18:02:15,4,Player,500,Banker,0.0,False
P03,fallacy,P03-D1-S1,T2,2026-06-01 18:03:00,5,Player,500,Banker,0.0,False
P03,fallacy,P03-D1-S1,T2,2026-06-01 18:03:45,6,Player,500,Banker,0.0,False
P03,fallacy,P03-D1-S1,T2,2026-06-01 18:04:30,7,Player,500,Player,500,True
P03,fallacy,P03-D1-S1,T2,2026-06-01 18:05:15,8,Player,500,Banker,0.0,False
P03,fallacy,P03-D1-S1,T2,2026-06-01 18:06:00,9,Player,500,Banker,0.0,False
P03,fallacy,P03-D1-S1,T2,2026-06-01 18:06:45,10,Player,500,Tie,0.0,False
P03,fallacy,P03-D1-S1,T2,2026-06-01 18:07:30,11,Player,500,Banker,0.0,False
P03,fallacy,P03-D1-S1,T2,2026-06-01 18:08:15,12,Player,500,Player,500,True
P03,fallacy,P03-D1-S1,T2,2026-06-01 18:09:00,13,Player,500,Banker,0.0,False
P03,fallacy,P03-D1-S1,T2,2026-06-01 18:09:45,14,Player,500,Banker,0.0,False
P03,fallacy,P03-D1-S1,T2,2026-06-01 18:10:30,15,Player,500,Player,500,True
P03,fallacy,P03-D1-S1,T2,2026-06-01 18:11:15,16,Player,500,Player,500,True
P03,fallacy,P03-D1-S1,T2,2026-06-01 18:12:00,17,Player,500,Player,500,True
P03,fallacy,P03-D1-S1,T2,2026-06-01 18:12:45,18,Banker,500,Player,0.0,False
P03,fallacy,P03-D1-S1,T2,2026-06-01 18:13:30,19,Banker,500,Player,0.0,False
P03,fallacy,P03-D1-S1,T2,2026-06-01 18:14:15,20,Banker,500,Banker,475.0,True
P03,fallacy,P03-D1-S1,T2,2026-06-01 18:15:00,21,Banker,500,Banker,475.0,True
P03,fallacy,P03-D1-S1,T2,2026-06-01 18:15:45,22,Banker,500,Banker,475.0,True
P03,fallacy,P03-D1-S1,T2,2026-06-01 18:16:30,23,Banker,500,Player,0.0,False
P03,fallacy,P03-D1-S1,T2,2026-06-01 18:17:15,24,Banker,500,Player,0.0,False
P03,fallacy,P03-D1-S1,T2,2026-06-01 18:18:00,25,Banker,500,Player,0.0,False
P03,fallacy,P03-D1-S1,T2,2026-06-01 18:18:45,26,Banker,500,Player,0.0,False
P03,fallacy,P03-D1-S1,T2,2026-06-01 18:19:30,27,Banker,500,Tie,0.0,False
P03,fallacy,P03-D1-S1,T2,2026-06-01 18:20:15,28,Banker,500,Player,0.0,False
P03,fallacy,P03-D1-S1,T2,2026-06-01 18:21:00,29,Banker,500,Banker,475.0,True
P03,fallacy,P03-D1-S1,T2,2026-06-01 18:21:45,30,Banker,500,Player,0.0,False
P03,fallacy,P03-D1-S2,T2,2026-06-01 20:00:00,1,Banker,500,Banker,475.0,True
P03,fallacy,P03-D1-S2,T2,2026-06-01 20:00:45,2,Banker,500,Player,0.0,False
P03,fallacy,P03-D1-S2,T2,2026-06-01 20:01:30,3,Banker,500,Banker,475.0,True
P03,fallacy,P03-D1-S2,T2,2026-06-01 20:02:15,4,Banker,500,Banker,475.0,True
P03,fallacy,P03-D1-S2,T2,2026-06-01 20:03:00,5,Banker,500,Player,0.0,False
P03,fallacy,P03-D1-S2,T2,2026-06-01 20:03:45,6,Banker,500,Banker,475.0,True
P03,fallacy,P03-D1-S2,T2,2026-06-01 20:04:30,7,Banker,500,Player,0.0,False
P03,fallacy,P03-D1-S2,T2,2026-06-01 20:05:15,8,Banker,500,Player,0.0,False
P03,fallacy,P03-D1-S2,T2,2026-06-01 20:06:00,9,Banker,500,Player,0.0,False
P03,fallacy,P03-D1-S2,T2,2026-06-01 20:06:45,10,Banker,500,Player,0.0,False
P03,fallacy,P03-D1-S2,T2,2026-06-01 20:07:30,11,Banker,500,Tie,0.0,False
P03,fallacy,P03-D1-S2,T2,2026-06-01 20:08:15,12,Banker,500,Player,0.0,False
P03,fallacy,P03-D1-S2,T2,2026-06-01 20:09:00,13,Banker,500,Player,0.0,False
P03,fallacy,P03-D1-S2,T2,2026-06-01 20:09:45,14,Banker,500,Player,0.0,False
P03,fallacy,P03-D1-S2,T2,2026-06-01 20:10:30,15,Banker,500,Banker,475.0,True
P03,fallacy,P03-D1-S2,T2,2026-06-01 20:11:15,16,Banker,500,Tie,0.0,False
P03,fallacy,P03-D1-S2,T2,2026-06-01 20:12:00,17,Banker,500,Player,0.0,False
P03,fallacy,P03-D1-S2,T2,2026-06-01 20:12:45,18,Banker,500,Banker,475.0,True
P03,fallacy,P03-D1-S2,T2,2026-06-01 20:13:30,19,Banker,500,Banker,475.0,True
P03,fallacy,P03-D1-S2,T2,2026-06-01 20:14:15,20,Banker,500,Player,0.0,False
P03,fallacy,P03-D1-S2,T2,2026-06-01 20:15:00,21,Banker,500,Banker,475.0,True
P03,fallacy,P03-D1-S2,T2,2026-06-01 20:15:45,22,Banker,500,Banker,475.0,True
P03,fallacy,P03-D1-S2,T2,2026-06-01 20:16:30,23,Banker,500,Banker,475.0,True
P03,fallacy,P03-D1-S2,T2,2026-06-01 20:17:15,24,Banker,500,Player,0.0,False
P03,fallacy,P03-D1-S2,T2,2026-06-01 20:18:00,25,Banker,500,Player,0.0,False
P03,fallacy,P03-D1-S2,T2,2026-06-01 20:18:45,26,Banker,500,Banker,475.0,True
P03,fallacy,P03-D1-S2,T2,2026-06-01 20:19:30,27,Banker,500,Banker,475.0,True
P03,fallacy,P03-D1-S2,T2,2026-06-01 20:20:15,28,Banker,500,Player,0.0,False
P03,fallacy,P03-D1-S2,T2,2026-06-01 20:21:00,29,Banker,500,Banker,475.0,True
P03,fallacy,P03-D1-S2,T2,2026-06-01 20:21:45,30,Banker,500,Player,0.0,False
P03,fallacy,P03-D2-S1,T2,2026-06-02 18:00:00,1,Banker,500,Banker,475.0,True
P03,fallacy,P03-D2-S1,T2,2026-06-02 18:00:45,2,Banker,500,Banker,475.0,True
P03,fallacy,P03-D2-S1,T2,2026-06-02 18:01:30,3,Banker,500,Banker,475.0,True
P03,fallacy,P03-D2-S1,T2,2026-06-02 18:02:15,4,Player,500,Banker,0.0,False
P03,fallacy,P03-D2-S1,T2,2026-06-02 18:03:00,5,Player,500,Player,500,True
P03,fallacy,P03-D2-S1,T2,2026-06-02 18:03:45,6,Player,500,Player,500,True
P03,fallacy,P03-D2-S1,T2,2026-06-02 18:04:30,7,Player,500,Player,500,True
P03,fallacy,P03-D2-S1,T2,2026-06-02 18:05:15,8,Player,500,Banker,0.0,False
P03,fallacy,P03-D2-S1,T2,2026-06-02 18:06:00,9,Player,500,Banker,0.0,False
P03,fallacy,P03-D2-S1,T2,2026-06-02 18:06:45,10,Player,500,Banker,0.0,False
P03,fallacy,P03-D2-S1,T2,2026-06-02 18:07:30,11,Player,500,Player,500,True
P03,fallacy,P03-D2-S1,T2,2026-06-02 18:08:15,12,Player,500,Player,500,True
P03,fallacy,P03-D2-S1,T2,2026-06-02 18:09:00,13,Player,500,Banker,0.0,False
P03,fallacy,P03-D2-S1,T2,2026-06-02 18:09:45,14,Player,500,Player,500,True
P03,fallacy,P03-D2-S1,T2,2026-06-02 18:10:30,15,Player,500,Player,500,True
P03,fallacy,P03-D2-S1,T2,2026-06-02 18:11:15,16,Player,500,Banker,0.0,False
P03,fallacy,P03-D2-S1,T2,2026-06-02 18:12:00,17,Player,500,Banker,0.0,False
P03,fallacy,P03-D2-S1,T2,2026-06-02 18:12:45,18,Player,500,Player,500,True
P03,fallacy,P03-D2-S1,T2,2026-06-02 18:13:30,19,Player,500,Banker,0.0,False
P03,fallacy,P03-D2-S1,T2,2026-06-02 18:14:15,20,Player,500,Banker,0.0,False
P03,fallacy,P03-D2-S1,T2,2026-06-02 18:15:00,21,Player,500,Banker,0.0,False
P03,fallacy,P03-D2-S1,T2,2026-06-02 18:15:45,22,Player,500,Player,500,True
P03,fallacy,P03-D2-S1,T2,2026-06-02 18:16:30,23,Player,500,Player,500,True
P03,fallacy,P03-D2-S1,T2,2026-06-02 18:17:15,24,Player,500,Player,500,True
P03,fallacy,P03-D2-S1,T2,2026-06-02 18:18:00,25,Player,500,Banker,0.0,False
P03,fallacy,P03-D2-S1,T2,2026-06-02 18:18:45,26,Player,500,Banker,0.0,False
P03,fallacy,P03-D2-S1,T2,2026-06-02 18:19:30,27,Player,500,Player,500,True
P03,fallacy,P03-D2-S1,T2,2026-06-02 18:20:15,28,Player,500,Banker,0.0,False
P03,fallacy,P03-D2-S1,T2,2026-06-02 18:21:00,29,Player,500,Banker,0.0,False
P03,fallacy,P03-D2-S1,T2,2026-06-02 18:21:45,30,Player,500,Banker,0.0,False
P03,fallacy,P03-D2-S2,T2,2026-06-02 20:00:00,1,Player,500,Banker,0.0,False
P03,fallacy,P03-D2-S2,T2,2026-06-02 20:00:45,2,Player,500,Banker,0.0,False
P03,fallacy,P03-D2-S2,T2,2026-06-02 20:01:30,3,Player,500,Banker,0.0,False
P03,fallacy,P03-D2-S2,T2,2026-06-02 20:02:15,4,Player,500,Banker,0.0,False
P03,fallacy,P03-D2-S2,T2,2026-06-02 20:03:00,5,Player,500,Player,500,True
P03,fallacy,P03-D2-S2,T2,2026-06-02 20:03:45,6,Player,500,Banker,0.0,False
P03,fallacy,P03-D2-S2,T2,2026-06-02 20:04:30,7,Player,500,Banker,0.0,False
P03,fallacy,P03-D2-S2,T2,2026-06-02 20:05:15,8,Player,500,Player,500,True
P03,fallacy,P03-D2-S2,T2,2026-06-02 20:06:00,9,Player,500,Player,500,True
P03,fallacy,P03-D2-S2,T2,2026-06-02 20:06:45,10,Player,500,Player,500,True
P03,fallacy,P03-D2-S2,T2,2026-06-02 20:07:30,11,Banker,500,Player,0.0,False
P03,fallacy,P03-D2-S2,T2,2026-06-02 20:08:15,12,Banker,500,Banker,475.0,True
P03,fallacy,P03-D2-S2,T2,2026-06-02 20:09:00,13,Banker,500,Player,0.0,False
P03,fallacy,P03-D2-S2,T2,2026-06-02 20:09:45,14,Banker,500,Banker,475.0,True
P03,fallacy,P03-D2-S2,T2,2026-06-02 20:10:30,15,Banker,500,Banker,475.0,True
P03,fallacy,P03-D2-S2,T2,2026-06-02 20:11:15,16,Banker,500,Tie,0.0,False
P03,fallacy,P03-D2-S2,T2,2026-06-02 20:12:00,17,Banker,500,Player,0.0,False
P03,fallacy,P03-D2-S2,T2,2026-06-02 20:12:45,18,Banker,500,Player,0.0,False
P03,fallacy,P03-D2-S2,T2,2026-06-02 20:13:30,19,Banker,500,Player,0.0,False
P03,fallacy,P03-D2-S2,T2,2026-06-02 20:14:15,20,Banker,500,Player,0.0,False
P03,fallacy,P03-D2-S2,T2,2026-06-02 20:15:00,21,Banker,500,Banker,475.0,True
P03,fallacy,P03-D2-S2,T2,2026-06-02 20:15:45,22,Banker,500,Banker,475.0,True
P03,fallacy,P03-D2-S2,T2,2026-06-02 20:16:30,23,Banker,500,Banker,475.0,True
P03,fallacy,P03-D2-S2,T2,2026-06-02 20:17:15,24,Player,500,Banker,0.0,False
P03,fallacy,P03-D2-S2,T2,2026-06-02 20:18:00,25,Player,500,Player,500,True
P03,fallacy,P03-D2-S2,T2,2026-06-02 20:18:45,26,Player,500,Player,500,True
P03,fallacy,P03-D2-S2,T2,2026-06-02 20:19:30,27,Player,500,Player,500,True
P03,fallacy,P03-D2-S2,T2,2026-06-02 20:20:15,28,Player,500,Tie,0.0,False
P03,fallacy,P03-D2-S2,T2,2026-06-02 20:21:00,29,Player,500,Banker,0.0,False
P03,fallacy,P03-D2-S2,T2,2026-06-02 20:21:45,30,Player,500,Player,500,True
P03,fallacy,P03-D3-S1,T2,2026-06-03 18:00:00,1,Player,500,Banker,0.0,False
P03,fallacy,P03-D3-S1,T2,2026-06-03 18:00:45,2,Player,500,Player,500,True
P03,fallacy,P03-D3-S1,T2,2026-06-03 18:01:30,3,Player,500,Player,500,True
P03,fallacy,P03-D3-S1,T2,2026-06-03 18:02:15,4,Player,500,Banker,0.0,False
P03,fallacy,P03-D3-S1,T2,2026-06-03 18:03:00,5,Player,500,Banker,0.0,False
P03,fallacy,P03-D3-S1,T2,2026-06-03 18:03:45,6,Player,500,Banker,0.0,False
P03,fallacy,P03-D3-S1,T2,2026-06-03 18:04:30,7,Player,500,Banker,0.0,False
P03,fallacy,P03-D3-S1,T2,2026-06-03 18:05:15,8,Player,500,Banker,0.0,False
P03,fallacy,P03-D3-S1,T2,2026-06-03 18:06:00,9,Player,500,Player,500,True
P03,fallacy,P03-D3-S1,T2,2026-06-03 18:06:45,10,Player,500,Banker,0.0,False
P03,fallacy,P03-D3-S1,T2,2026-06-03 18:07:30,11,Player,500,Player,500,True
P03,fallacy,P03-D3-S1,T2,2026-06-03 18:08:15,12,Player,500,Tie,0.0,False
P03,fallacy,P03-D3-S1,T2,2026-06-03 18:09:00,13,Player,500,Banker,0.0,False
P03,fallacy,P03-D3-S1,T2,2026-06-03 18:09:45,14,Player,500,Player,500,True
P03,fallacy,P03-D3-S1,T2,2026-06-03 18:10:30,15,Player,500,Player,500,True
P03,fallacy,P03-D3-S1,T2,2026-06-03 18:11:15,16,Player,500,Player,500,True
P03,fallacy,P03-D3-S1,T2,2026-06-03 18:12:00,17,Player,500,Banker,0.0,False
P03,fallacy,P03-D3-S1,T2,2026-06-03 18:12:45,18,Player,500,Banker,0.0,False
P03,fallacy,P03-D3-S1,T2,2026-06-03 18:13:30,19,Player,500,Banker,0.0,False
P03,fallacy,P03-D3-S1,T2,2026-06-03 18:14:15,20,Player,500,Player,500,True
P03,fallacy,P03-D3-S1,T2,2026-06-03 18:15:00,21,Player,500,Player,500,True
P03,fallacy,P03-D3-S1,T2,2026-06-03 18:15:45,22,Player,500,Player,500,True
P03,fallacy,P03-D3-S1,T2,2026-06-03 18:16:30,23,Player,500,Banker,0.0,False
P03,fallacy,P03-D3-S1,T2,2026-06-03 18:17:15,24,Player,500,Player,500,True
P03,fallacy,P03-D3-S1,T2,2026-06-03 18:18:00,25,Player,500,Player,500,True
P03,fallacy,P03-D3-S1,T2,2026-06-03 18:18:45,26,Player,500,Player,500,True
P03,fallacy,P03-D3-S1,T2,2026-06-03 18:19:30,27,Banker,500,Player,0.0,False
P03,fallacy,P03-D3-S1,T2,2026-06-03 18:20:15,28,Banker,500,Banker,475.0,True
P03,fallacy,P03-D3-S1,T2,2026-06-03 18:21:00,29,Banker,500,Tie,0.0,False
P03,fallacy,P03-D3-S1,T2,2026-06-03 18:21:45,30,Banker,500,Player,0.0,False
P03,fallacy,P03-D3-S2,T2,2026-06-03 20:00:00,1,Banker,500,Player,0.0,False
P03,fallacy,P03-D3-S2,T2,2026-06-03 20:00:45,2,Banker,500,Player,0.0,False
P03,fallacy,P03-D3-S2,T2,2026-06-03 20:01:30,3,Banker,500,Player,0.0,False
P03,fallacy,P03-D3-S2,T2,2026-06-03 20:02:15,4,Banker,500,Player,0.0,False
P03,fallacy,P03-D3-S2,T2,2026-06-03 20:03:00,5,Banker,500,Banker,475.0,True
P03,fallacy,P03-D3-S2,T2,2026-06-03 20:03:45,6,Banker,500,Banker,475.0,True
P03,fallacy,P03-D3-S2,T2,2026-06-03 20:04:30,7,Banker,500,Banker,475.0,True
P03,fallacy,P03-D3-S2,T2,2026-06-03 20:05:15,8,Player,500,Banker,0.0,False
P03,fallacy,P03-D3-S2,T2,2026-06-03 20:06:00,9,Player,500,Banker,0.0,False
P03,fallacy,P03-D3-S2,T2,2026-06-03 20:06:45,10,Player,500,Banker,0.0,False
P03,fallacy,P03-D3-S2,T2,2026-06-03 20:07:30,11,Player,500,Player,500,True
P03,fallacy,P03-D3-S2,T2,2026-06-03 20:08:15,12,Player,500,Banker,0.0,False
P03,fallacy,P03-D3-S2,T2,2026-06-03 20:09:00,13,Player,500,Banker,0.0,False
P03,fallacy,P03-D3-S2,T2,2026-06-03 20:09:45,14,Player,500,Banker,0.0,False
P03,fallacy,P03-D3-S2,T2,2026-06-03 20:10:30,15,Player,500,Player,500,True
P03,fallacy,P03-D3-S2,T2,2026-06-03 20:11:15,16,Player,500,Banker,0.0,False
P03,fallacy,P03-D3-S2,T2,2026-06-03 20:12:00,17,Player,500,Player,500,True
P03,fallacy,P03-D3-S2,T2,2026-06-03 20:12:45,18,Player,500,Player,500,True
P03,fallacy,P03-D3-S2,T2,2026-06-03 20:13:30,19,Player,500,Player,500,True
P03,fallacy,P03-D3-S2,T2,2026-06-03 20:14:15,20,Banker,500,Player,0.0,False
P03,fallacy,P03-D3-S2,T2,2026-06-03 20:15:00,21,Banker,500,Player,0.0,False
P03,fallacy,P03-D3-S2,T2,2026-06-03 20:15:45,22,Banker,500,Player,0.0,False
P03,fallacy,P03-D3-S2,T2,2026-06-03 20:16:30,23,Banker,500,Player,0.0,False
P03,fallacy,P03-D3-S2,T2,2026-06-03 20:17:15,24,Banker,500,Player,0.0,False
P03,fallacy,P03-D3-S2,T2,2026-06-03 20:18:00,25,Banker,500,Banker,475.0,True
P03,fallacy,P03-D3-S2,T2,2026-06-03 20:18:45,26,Banker,500,Player,0.0,False
P03,fallacy,P03-D3-S2,T2,2026-06-03 20:19:30,27,Banker,500,Player,0.0,False
P03,fallacy,P03-D3-S2,T2,2026-06-03 20:20:15,28,Banker,500,Banker,475.0,True
P03,fallacy,P03-D3-S2,T2,2026-06-03 20:21:00,29,Banker,500,Player,0.0,False
P03,fallacy,P03-D3-S2,T2,2026-06-03 20:21:45,30,Banker,500,Banker,475.0,True
P04,volatile,P04-D1-S1,T1,2026-06-01 12:28:00,1,Player,600,Banker,0.0,False
P04,volatile,P04-D1-S1,T1,2026-06-01 12:28:45,2,Banker,300,Tie,0.0,False
P04,volatile,P04-D1-S1,T1,2026-06-01 12:29:30,3,Player,800,Banker,0.0,False
P04,volatile,P04-D1-S1,T1,2026-06-01 12:30:15,4,Player,600,Player,600,True
P04,volatile,P04-D1-S1,T1,2026-06-01 12:31:00,5,Banker,700,Banker,665.0,True
P04,volatile,P04-D1-S1,T1,2026-06-01 12:31:45,6,Player,100,Player,100,True
P04,volatile,P04-D1-S1,T1,2026-06-01 12:32:30,7,Player,200,Player,200,True
P04,volatile,P04-D1-S1,T1,2026-06-01 12:33:15,8,Player,700,Banker,0.0,False
P04,volatile,P04-D1-S1,T1,2026-06-01 12:34:00,9,Player,1000,Banker,0.0,False
P04,volatile,P04-D1-S1,T1,2026-06-01 12:34:45,10,Banker,1000,Player,0.0,False
P04,volatile,P04-D1-S1,T1,2026-06-01 12:35:30,11,Player,500,Player,500,True
P04,volatile,P04-D1-S1,T1,2026-06-01 12:36:15,12,Player,700,Tie,0.0,False
P04,volatile,P04-D1-S1,T1,2026-06-01 12:37:00,13,Player,200,Banker,0.0,False
P04,volatile,P04-D1-S1,T1,2026-06-01 12:37:45,14,Banker,600,Banker,570.0,True
P04,volatile,P04-D1-S1,T1,2026-06-01 12:38:30,15,Player,900,Player,900,True
P04,volatile,P04-D1-S1,T1,2026-06-01 12:39:15,16,Player,900,Banker,0.0,False
P04,volatile,P04-D1-S1,T1,2026-06-01 12:40:00,17,Banker,300,Banker,285.0,True
P04,volatile,P04-D1-S1,T1,2026-06-01 12:40:45,18,Banker,800,Tie,0.0,False
P04,volatile,P04-D1-S1,T1,2026-06-01 12:41:30,19,Tie,300,Banker,0.0,False
P04,volatile,P04-D1-S1,T1,2026-06-01 12:42:15,20,Player,200,Banker,0.0,False
P04,volatile,P04-D1-S1,T1,2026-06-01 12:43:00,21,Player,900,Player,900,True
P04,volatile,P04-D1-S1,T1,2026-06-01 12:43:45,22,Banker,1000,Banker,950.0,True
P04,volatile,P04-D1-S1,T1,2026-06-01 12:44:30,23,Banker,300,Banker,285.0,True
P04,volatile,P04-D1-S1,T1,2026-06-01 12:45:15,24,Player,1000,Banker,0.0,False
P04,volatile,P04-D1-S1,T1,2026-06-01 12:46:00,25,Banker,800,Player,0.0,False
P04,volatile,P04-D1-S1,T1,2026-06-01 12:46:45,26,Banker,400,Banker,380.0,True
P04,volatile,P04-D1-S1,T1,2026-06-01 12:47:30,27,Player,800,Tie,0.0,False
P04,volatile,P04-D1-S1,T1,2026-06-01 12:48:15,28,Banker,800,Banker,760.0,True
P04,volatile,P04-D1-S1,T1,2026-06-01 12:49:00,29,Banker,1000,Player,0.0,False
P04,volatile,P04-D1-S1,T1,2026-06-01 12:49:45,30,Banker,500,Tie,0.0,False
P04,volatile,P04-D1-S2,T1,2026-06-01 18:32:00,1,Tie,400,Player,0.0,False
P04,volatile,P04-D1-S2,T1,2026-06-01 18:32:45,2,Banker,500,Player,0.0,False
P04,volatile,P04-D1-S2,T1,2026-06-01 18:33:30,3,Banker,600,Banker,570.0,True
P04,volatile,P04-D1-S2,T1,2026-06-01 18:34:15,4,Banker,900,Player,0.0,False
P04,volatile,P04-D1-S2,T1,2026-06-01 18:35:00,5,Banker,300,Player,0.0,False
P04,volatile,P04-D1-S2,T1,2026-06-01 18:35:45,6,Player,300,Banker,0.0,False
P04,volatile,P04-D1-S2,T1,2026-06-01 18:36:30,7,Banker,400,Player,0.0,False
P04,volatile,P04-D1-S2,T1,2026-06-01 18:37:15,8,Player,100,Player,100,True
P04,volatile,P04-D1-S2,T1,2026-06-01 18:38:00,9,Banker,600,Banker,570.0,True
P04,volatile,P04-D1-S2,T1,2026-06-01 18:38:45,10,Tie,600,Banker,0.0,False
P04,volatile,P04-D1-S2,T1,2026-06-01 18:39:30,11,Banker,200,Banker,190.0,True
P04,volatile,P04-D1-S2,T1,2026-06-01 18:40:15,12,Player,300,Player,300,True
P04,volatile,P04-D1-S2,T1,2026-06-01 18:41:00,13,Banker,800,Banker,760.0,True
P04,volatile,P04-D1-S2,T1,2026-06-01 18:41:45,14,Banker,800,Player,0.0,False
P04,volatile,P04-D1-S2,T1,2026-06-01 18:42:30,15,Banker,200,Banker,190.0,True
P04,volatile,P04-D1-S2,T1,2026-06-01 18:43:15,16,Banker,300,Banker,285.0,True
P04,volatile,P04-D1-S2,T1,2026-06-01 18:44:00,17,Player,900,Player,900,True
P04,volatile,P04-D1-S2,T1,2026-06-01 18:44:45,18,Player,400,Banker,0.0,False
P04,volatile,P04-D1-S2,T1,2026-06-01 18:45:30,19,Banker,700,Banker,665.0,True
P04,volatile,P04-D1-S2,T1,2026-06-01 18:46:15,20,Player,200,Player,200,True
P04,volatile,P04-D1-S2,T1,2026-06-01 18:47:00,21,Player,1000,Banker,0.0,False
P04,volatile,P04-D1-S2,T1,2026-06-01 18:47:45,22,Player,1000,Player,1000,True
P04,volatile,P04-D1-S2,T1,2026-06-01 18:48:30,23,Banker,700,Banker,665.0,True
P04,volatile,P04-D1-S2,T1,2026-06-01 18:49:15,24,Banker,1000,Banker,950.0,True
P04,volatile,P04-D1-S2,T1,2026-06-01 18:50:00,25,Player,200,Banker,0.0,False
P04,volatile,P04-D1-S2,T1,2026-06-01 18:50:45,26,Banker,900,Player,0.0,False
P04,volatile,P04-D1-S2,T1,2026-06-01 18:51:30,27,Player,900,Player,900,True
P04,volatile,P04-D1-S2,T1,2026-06-01 18:52:15,28,Banker,800,Player,0.0,False
P04,volatile,P04-D1-S2,T1,2026-06-01 18:53:00,29,Banker,600,Banker,570.0,True
P04,volatile,P04-D1-S2,T1,2026-06-01 18:53:45,30,Banker,200,Banker,190.0,True
P04,volatile,P04-D2-S1,T1,2026-06-02 17:15:00,1,Player,1000,Player,1000,True
P04,volatile,P04-D2-S1,T1,2026-06-02 17:15:45,2,Banker,100,Player,0.0,False
P04,volatile,P04-D2-S1,T1,2026-06-02 17:16:30,3,Banker,300,Banker,285.0,True
P04,volatile,P04-D2-S1,T1,2026-06-02 17:17:15,4,Player,800,Player,800,True
P04,volatile,P04-D2-S1,T1,2026-06-02 17:18:00,5,Player,200,Player,200,True
P04,volatile,P04-D2-S1,T1,2026-06-02 17:18:45,6,Player,100,Player,100,True
P04,volatile,P04-D2-S1,T1,2026-06-02 17:19:30,7,Banker,400,Banker,380.0,True
P04,volatile,P04-D2-S1,T1,2026-06-02 17:20:15,8,Banker,500,Player,0.0,False
P04,volatile,P04-D2-S1,T1,2026-06-02 17:21:00,9,Tie,900,Player,0.0,False
P04,volatile,P04-D2-S1,T1,2026-06-02 17:21:45,10,Banker,400,Player,0.0,False
P04,volatile,P04-D2-S1,T1,2026-06-02 17:22:30,11,Player,100,Banker,0.0,False
P04,volatile,P04-D2-S1,T1,2026-06-02 17:23:15,12,Banker,200,Player,0.0,False
P04,volatile,P04-D2-S1,T1,2026-06-02 17:24:00,13,Banker,700,Player,0.0,False
P04,volatile,P04-D2-S1,T1,2026-06-02 17:24:45,14,Player,700,Player,700,True
P04,volatile,P04-D2-S1,T1,2026-06-02 17:25:30,15,Banker,800,Banker,760.0,True
P04,volatile,P04-D2-S1,T1,2026-06-02 17:26:15,16,Player,500,Banker,0.0,False
P04,volatile,P04-D2-S1,T1,2026-06-02 17:27:00,17,Player,200,Player,200,True
P04,volatile,P04-D2-S1,T1,2026-06-02 17:27:45,18,Tie,300,Banker,0.0,False
P04,volatile,P04-D2-S1,T1,2026-06-02 17:28:30,19,Banker,200,Player,0.0,False
P04,volatile,P04-D2-S1,T1,2026-06-02 17:29:15,20,Banker,800,Banker,760.0,True
P04,volatile,P04-D2-S1,T1,2026-06-02 17:30:00,21,Banker,800,Player,0.0,False
P04,volatile,P04-D2-S1,T1,2026-06-02 17:30:45,22,Banker,600,Banker,570.0,True
P04,volatile,P04-D2-S1,T1,2026-06-02 17:31:30,23,Banker,100,Player,0.0,False
P04,volatile,P04-D2-S1,T1,2026-06-02 17:32:15,24,Player,600,Banker,0.0,False
P04,volatile,P04-D2-S1,T1,2026-06-02 17:33:00,25,Player,300,Player,300,True
P04,volatile,P04-D2-S1,T1,2026-06-02 17:33:45,26,Banker,1000,Tie,0.0,False
P04,volatile,P04-D2-S1,T1,2026-06-02 17:34:30,27,Banker,300,Player,0.0,False
P04,volatile,P04-D2-S1,T1,2026-06-02 17:35:15,28,Player,600,Banker,0.0,False
P04,volatile,P04-D2-S1,T1,2026-06-02 17:36:00,29,Player,100,Banker,0.0,False
P04,volatile,P04-D2-S1,T1,2026-06-02 17:36:45,30,Player,600,Player,600,True
P04,volatile,P04-D2-S2,T1,2026-06-02 17:28:00,1,Player,900,Player,900,True
P04,volatile,P04-D2-S2,T1,2026-06-02 17:28:45,2,Banker,500,Banker,475.0,True
P04,volatile,P04-D2-S2,T1,2026-06-02 17:29:30,3,Banker,300,Banker,285.0,True
P04,volatile,P04-D2-S2,T1,2026-06-02 17:30:15,4,Banker,900,Player,0.0,False
P04,volatile,P04-D2-S2,T1,2026-06-02 17:31:00,5,Player,800,Banker,0.0,False
P04,volatile,P04-D2-S2,T1,2026-06-02 17:31:45,6,Player,800,Banker,0.0,False
P04,volatile,P04-D2-S2,T1,2026-06-02 17:32:30,7,Banker,200,Banker,190.0,True
P04,volatile,P04-D2-S2,T1,2026-06-02 17:33:15,8,Player,800,Banker,0.0,False
P04,volatile,P04-D2-S2,T1,2026-06-02 17:34:00,9,Player,600,Tie,0.0,False
P04,volatile,P04-D2-S2,T1,2026-06-02 17:34:45,10,Player,900,Player,900,True
P04,volatile,P04-D2-S2,T1,2026-06-02 17:35:30,11,Player,300,Player,300,True
P04,volatile,P04-D2-S2,T1,2026-06-02 17:36:15,12,Player,300,Player,300,True
P04,volatile,P04-D2-S2,T1,2026-06-02 17:37:00,13,Player,200,Player,200,True
P04,volatile,P04-D2-S2,T1,2026-06-02 17:37:45,14,Player,400,Tie,0.0,False
P04,volatile,P04-D2-S2,T1,2026-06-02 17:38:30,15,Banker,900,Player,0.0,False
P04,volatile,P04-D2-S2,T1,2026-06-02 17:39:15,16,Banker,900,Player,0.0,False
P04,volatile,P04-D2-S2,T1,2026-06-02 17:40:00,17,Player,200,Banker,0.0,False
P04,volatile,P04-D2-S2,T1,2026-06-02 17:40:45,18,Tie,800,Banker,0.0,False
P04,volatile,P04-D2-S2,T1,2026-06-02 17:41:30,19,Player,1000,Player,1000,True
P04,volatile,P04-D2-S2,T1,2026-06-02 17:42:15,20,Tie,200,Banker,0.0,False
P04,volatile,P04-D2-S2,T1,2026-06-02 17:43:00,21,Player,600,Banker,0.0,False
P04,volatile,P04-D2-S2,T1,2026-06-02 17:43:45,22,Player,900,Banker,0.0,False
P04,volatile,P04-D2-S2,T1,2026-06-02 17:44:30,23,Banker,300,Player,0.0,False
P04,volatile,P04-D2-S2,T1,2026-06-02 17:45:15,24,Player,100,Banker,0.0,False
P04,volatile,P04-D2-S2,T1,2026-06-02 17:46:00,25,Player,500,Player,500,True
P04,volatile,P04-D2-S2,T1,2026-06-02 17:46:45,26,Banker,400,Banker,380.0,True
P04,volatile,P04-D2-S2,T1,2026-06-02 17:47:30,27,Player,500,Banker,0.0,False
P04,volatile,P04-D2-S2,T1,2026-06-02 17:48:15,28,Banker,900,Player,0.0,False
P04,volatile,P04-D2-S2,T1,2026-06-02 17:49:00,29,Player,1000,Banker,0.0,False
P04,volatile,P04-D2-S2,T1,2026-06-02 17:49:45,30,Player,300,Player,300,True
P04,volatile,P04-D3-S1,T1,2026-06-03 21:37:00,1,Player,1000,Banker,0.0,False
P04,volatile,P04-D3-S1,T1,2026-06-03 21:37:45,2,Player,100,Banker,0.0,False
P04,volatile,P04-D3-S1,T1,2026-06-03 21:38:30,3,Banker,100,Player,0.0,False
P04,volatile,P04-D3-S1,T1,2026-06-03 21:39:15,4,Player,500,Tie,0.0,False
P04,volatile,P04-D3-S1,T1,2026-06-03 21:40:00,5,Player,700,Player,700,True
P04,volatile,P04-D3-S1,T1,2026-06-03 21:40:45,6,Banker,900,Player,0.0,False
P04,volatile,P04-D3-S1,T1,2026-06-03 21:41:30,7,Tie,800,Banker,0.0,False
P04,volatile,P04-D3-S1,T1,2026-06-03 21:42:15,8,Player,700,Banker,0.0,False
P04,volatile,P04-D3-S1,T1,2026-06-03 21:43:00,9,Banker,100,Banker,95.0,True
P04,volatile,P04-D3-S1,T1,2026-06-03 21:43:45,10,Banker,800,Banker,760.0,True
P04,volatile,P04-D3-S1,T1,2026-06-03 21:44:30,11,Player,600,Banker,0.0,False
P04,volatile,P04-D3-S1,T1,2026-06-03 21:45:15,12,Banker,600,Player,0.0,False
P04,volatile,P04-D3-S1,T1,2026-06-03 21:46:00,13,Banker,600,Tie,0.0,False
P04,volatile,P04-D3-S1,T1,2026-06-03 21:46:45,14,Banker,400,Player,0.0,False
P04,volatile,P04-D3-S1,T1,2026-06-03 21:47:30,15,Banker,400,Player,0.0,False
P04,volatile,P04-D3-S1,T1,2026-06-03 21:48:15,16,Banker,700,Banker,665.0,True
P04,volatile,P04-D3-S1,T1,2026-06-03 21:49:00,17,Banker,300,Player,0.0,False
P04,volatile,P04-D3-S1,T1,2026-06-03 21:49:45,18,Player,600,Player,600,True
P04,volatile,P04-D3-S1,T1,2026-06-03 21:50:30,19,Banker,900,Banker,855.0,True
P04,volatile,P04-D3-S1,T1,2026-06-03 21:51:15,20,Player,800,Player,800,True
P04,volatile,P04-D3-S1,T1,2026-06-03 21:52:00,21,Player,900,Banker,0.0,False
P04,volatile,P04-D3-S1,T1,2026-06-03 21:52:45,22,Banker,1000,Banker,950.0,True
P04,volatile,P04-D3-S1,T1,2026-06-03 21:53:30,23,Banker,800,Banker,760.0,True
P04,volatile,P04-D3-S1,T1,2026-06-03 21:54:15,24,Player,800,Player,800,True
P04,volatile,P04-D3-S1,T1,2026-06-03 21:55:00,25,Banker,200,Banker,190.0,True
P04,volatile,P04-D3-S1,T1,2026-06-03 21:55:45,26,Player,600,Banker,0.0,False
P04,volatile,P04-D3-S1,T1,2026-06-03 21:56:30,27,Banker,700,Player,0.0,False
P04,volatile,P04-D3-S1,T1,2026-06-03 21:57:15,28,Player,600,Banker,0.0,False
P04,volatile,P04-D3-S1,T1,2026-06-03 21:58:00,29,Banker,900,Player,0.0,False
P04,volatile,P04-D3-S1,T1,2026-06-03 21:58:45,30,Player,1000,Banker,0.0,False
P04,volatile,P04-D3-S2,T1,2026-06-03 22:39:00,1,Tie,700,Banker,0.0,False
P04,volatile,P04-D3-S2,T1,2026-06-03 22:39:45,2,Tie,900,Banker,0.0,False
P04,volatile,P04-D3-S2,T1,2026-06-03 22:40:30,3,Player,400,Tie,0.0,False
P04,volatile,P04-D3-S2,T1,2026-06-03 22:41:15,4,Banker,100,Player,0.0,False
P04,volatile,P04-D3-S2,T1,2026-06-03 22:42:00,5,Banker,600,Banker,570.0,True
P04,volatile,P04-D3-S2,T1,2026-06-03 22:42:45,6,Player,300,Player,300,True
P04,volatile,P04-D3-S2,T1,2026-06-03 22:43:30,7,Player,600,Player,600,True
P04,volatile,P04-D3-S2,T1,2026-06-03 22:44:15,8,Banker,700,Tie,0.0,False
P04,volatile,P04-D3-S2,T1,2026-06-03 22:45:00,9,Player,500,Tie,0.0,False
P04,volatile,P04-D3-S2,T1,2026-06-03 22:45:45,10,Player,900,Player,900,True
P04,volatile,P04-D3-S2,T1,2026-06-03 22:46:30,11,Player,500,Player,500,True
P04,volatile,P04-D3-S2,T1,2026-06-03 22:47:15,12,Banker,600,Player,0.0,False
P04,volatile,P04-D3-S2,T1,2026-06-03 22:48:00,13,Tie,1000,Player,0.0,False
P04,volatile,P04-D3-S2,T1,2026-06-03 22:48:45,14,Player,100,Banker,0.0,False
P04,volatile,P04-D3-S2,T1,2026-06-03 22:49:30,15,Banker,1000,Player,0.0,False
P04,volatile,P04-D3-S2,T1,2026-06-03 22:50:15,16,Player,1000,Player,1000,True
P04,volatile,P04-D3-S2,T1,2026-06-03 22:51:00,17,Player,1000,Player,1000,True
P04,volatile,P04-D3-S2,T1,2026-06-03 22:51:45,18,Banker,400,Player,0.0,False
P04,volatile,P04-D3-S2,T1,2026-06-03 22:52:30,19,Player,200,Banker,0.0,False
P04,volatile,P04-D3-S2,T1,2026-06-03 22:53:15,20,Banker,700,Banker,665.0,True
P04,volatile,P04-D3-S2,T1,2026-06-03 22:54:00,21,Player,700,Banker,0.0,False
P04,volatile,P04-D3-S2,T1,2026-06-03 22:54:45,22,Player,800,Player,800,True
P04,volatile,P04-D3-S2,T1,2026-06-03 22:55:30,23,Player,100,Player,100,True
P04,volatile,P04-D3-S2,T1,2026-06-03 22:56:15,24,Player,900,Player,900,True
P04,volatile,P04-D3-S2,T1,2026-06-03 22:57:00,25,Player,900,Banker,0.0,False
P04,volatile,P04-D3-S2,T1,2026-06-03 22:57:45,26,Tie,800,Banker,0.0,False
P04,volatile,P04-D3-S2,T1,2026-06-03 22:58:30,27,Banker,600,Tie,0.0,False
P04,volatile,P04-D3-S2,T1,2026-06-03 22:59:15,28,Player,500,Player,500,True
P04,volatile,P04-D3-S2,T1,2026-06-03 23:00:00,29,Banker,400,Player,0.0,False
P04,volatile,P04-D3-S2,T1,2026-06-03 23:00:45,30,Banker,500,Banker,475.0,True
P05,consistent,P05-D1-S1,T2,2026-06-01 14:00:00,1,Player,500,Player,500,True
P05,consistent,P05-D1-S1,T2,2026-06-01 14:00:45,2,Banker,500,Player,0.0,False
P05,consistent,P05-D1-S1,T2,2026-06-01 14:01:30,3,Player,500,Player,500,True
P05,consistent,P05-D1-S1,T2,2026-06-01 14:02:15,4,Player,500,Tie,0.0,False
P05,consistent,P05-D1-S1,T2,2026-06-01 14:03:00,5,Player,500,Banker,0.0,False
P05,consistent,P05-D1-S1,T2,2026-06-01 14:03:45,6,Player,500,Player,500,True
P05,consistent,P05-D1-S1,T2,2026-06-01 14:04:30,7,Banker,500,Banker,475.0,True
P05,consistent,P05-D1-S1,T2,2026-06-01 14:05:15,8,Banker,500,Player,0.0,False
P05,consistent,P05-D1-S1,T2,2026-06-01 14:06:00,9,Tie,500,Banker,0.0,False
P05,consistent,P05-D1-S1,T2,2026-06-01 14:06:45,10,Player,500,Banker,0.0,False
P05,consistent,P05-D1-S1,T2,2026-06-01 14:07:30,11,Player,500,Player,500,True
P05,consistent,P05-D1-S1,T2,2026-06-01 14:08:15,12,Player,500,Banker,0.0,False
P05,consistent,P05-D1-S1,T2,2026-06-01 14:09:00,13,Player,500,Banker,0.0,False
P05,consistent,P05-D1-S1,T2,2026-06-01 14:09:45,14,Banker,500,Banker,475.0,True
P05,consistent,P05-D1-S1,T2,2026-06-01 14:10:30,15,Banker,500,Player,0.0,False
P05,consistent,P05-D1-S1,T2,2026-06-01 14:11:15,16,Player,500,Banker,0.0,False
P05,consistent,P05-D1-S1,T2,2026-06-01 14:12:00,17,Banker,500,Banker,475.0,True
P05,consistent,P05-D1-S1,T2,2026-06-01 14:12:45,18,Banker,500,Banker,475.0,True
P05,consistent,P05-D1-S1,T2,2026-06-01 14:13:30,19,Player,500,Player,500,True
P05,consistent,P05-D1-S1,T2,2026-06-01 14:14:15,20,Tie,500,Banker,0.0,False
P05,consistent,P05-D1-S1,T2,2026-06-01 14:15:00,21,Banker,500,Tie,0.0,False
P05,consistent,P05-D1-S1,T2,2026-06-01 14:15:45,22,Player,500,Player,500,True
P05,consistent,P05-D1-S1,T2,2026-06-01 14:16:30,23,Player,500,Player,500,True
P05,consistent,P05-D1-S1,T2,2026-06-01 14:17:15,24,Banker,500,Player,0.0,False
P05,consistent,P05-D1-S1,T2,2026-06-01 14:18:00,25,Banker,500,Banker,475.0,True
P05,consistent,P05-D1-S1,T2,2026-06-01 14:18:45,26,Player,500,Player,500,True
P05,consistent,P05-D1-S1,T2,2026-06-01 14:19:30,27,Player,500,Banker,0.0,False
P05,consistent,P05-D1-S1,T2,2026-06-01 14:20:15,28,Banker,500,Player,0.0,False
P05,consistent,P05-D1-S1,T2,2026-06-01 14:21:00,29,Banker,500,Tie,0.0,False
P05,consistent,P05-D1-S1,T2,2026-06-01 14:21:45,30,Player,500,Player,500,True
P05,consistent,P05-D1-S2,T2,2026-06-01 20:00:00,1,Player,500,Banker,0.0,False
P05,consistent,P05-D1-S2,T2,2026-06-01 20:00:45,2,Banker,500,Player,0.0,False
P05,consistent,P05-D1-S2,T2,2026-06-01 20:01:30,3,Player,500,Player,500,True
P05,consistent,P05-D1-S2,T2,2026-06-01 20:02:15,4,Banker,500,Banker,475.0,True
P05,consistent,P05-D1-S2,T2,2026-06-01 20:03:00,5,Player,500,Banker,0.0,False
P05,consistent,P05-D1-S2,T2,2026-06-01 20:03:45,6,Banker,500,Tie,0.0,False
P05,consistent,P05-D1-S2,T2,2026-06-01 20:04:30,7,Player,500,Banker,0.0,False
P05,consistent,P05-D1-S2,T2,2026-06-01 20:05:15,8,Player,500,Player,500,True
P05,consistent,P05-D1-S2,T2,2026-06-01 20:06:00,9,Player,500,Banker,0.0,False
P05,consistent,P05-D1-S2,T2,2026-06-01 20:06:45,10,Player,500,Banker,0.0,False
P05,consistent,P05-D1-S2,T2,2026-06-01 20:07:30,11,Player,500,Banker,0.0,False
P05,consistent,P05-D1-S2,T2,2026-06-01 20:08:15,12,Player,500,Player,500,True
P05,consistent,P05-D1-S2,T2,2026-06-01 20:09:00,13,Banker,500,Banker,475.0,True
P05,consistent,P05-D1-S2,T2,2026-06-01 20:09:45,14,Player,500,Banker,0.0,False
P05,consistent,P05-D1-S2,T2,2026-06-01 20:10:30,15,Player,500,Banker,0.0,False
P05,consistent,P05-D1-S2,T2,2026-06-01 20:11:15,16,Banker,500,Player,0.0,False
P05,consistent,P05-D1-S2,T2,2026-06-01 20:12:00,17,Banker,500,Banker,475.0,True
P05,consistent,P05-D1-S2,T2,2026-06-01 20:12:45,18,Banker,500,Banker,475.0,True
P05,consistent,P05-D1-S2,T2,2026-06-01 20:13:30,19,Banker,500,Tie,0.0,False
P05,consistent,P05-D1-S2,T2,2026-06-01 20:14:15,20,Banker,500,Tie,0.0,False
P05,consistent,P05-D1-S2,T2,2026-06-01 20:15:00,21,Banker,500,Banker,475.0,True
P05,consistent,P05-D1-S2,T2,2026-06-01 20:15:45,22,Banker,500,Banker,475.0,True
P05,consistent,P05-D1-S2,T2,2026-06-01 20:16:30,23,Player,500,Player,500,True
P05,consistent,P05-D1-S2,T2,2026-06-01 20:17:15,24,Banker,500,Banker,475.0,True
P05,consistent,P05-D1-S2,T2,2026-06-01 20:18:00,25,Player,500,Banker,0.0,False
P05,consistent,P05-D1-S2,T2,2026-06-01 20:18:45,26,Banker,500,Player,0.0,False
P05,consistent,P05-D1-S2,T2,2026-06-01 20:19:30,27,Player,500,Player,500,True
P05,consistent,P05-D1-S2,T2,2026-06-01 20:20:15,28,Player,500,Player,500,True
P05,consistent,P05-D1-S2,T2,2026-06-01 20:21:00,29,Player,500,Player,500,True
P05,consistent,P05-D1-S2,T2,2026-06-01 20:21:45,30,Banker,500,Tie,0.0,False
P05,consistent,P05-D2-S1,T2,2026-06-02 14:00:00,1,Tie,500,Banker,0.0,False
P05,consistent,P05-D2-S1,T2,2026-06-02 14:00:45,2,Banker,500,Player,0.0,False
P05,consistent,P05-D2-S1,T2,2026-06-02 14:01:30,3,Banker,500,Tie,0.0,False
P05,consistent,P05-D2-S1,T2,2026-06-02 14:02:15,4,Player,500,Player,500,True
P05,consistent,P05-D2-S1,T2,2026-06-02 14:03:00,5,Player,500,Player,500,True
P05,consistent,P05-D2-S1,T2,2026-06-02 14:03:45,6,Player,500,Player,500,True
P05,consistent,P05-D2-S1,T2,2026-06-02 14:04:30,7,Player,500,Player,500,True
P05,consistent,P05-D2-S1,T2,2026-06-02 14:05:15,8,Player,500,Player,500,True
P05,consistent,P05-D2-S1,T2,2026-06-02 14:06:00,9,Banker,500,Player,0.0,False
P05,consistent,P05-D2-S1,T2,2026-06-02 14:06:45,10,Banker,500,Tie,0.0,False
P05,consistent,P05-D2-S1,T2,2026-06-02 14:07:30,11,Player,500,Player,500,True
P05,consistent,P05-D2-S1,T2,2026-06-02 14:08:15,12,Player,500,Banker,0.0,False
P05,consistent,P05-D2-S1,T2,2026-06-02 14:09:00,13,Player,500,Banker,0.0,False
P05,consistent,P05-D2-S1,T2,2026-06-02 14:09:45,14,Player,500,Banker,0.0,False
P05,consistent,P05-D2-S1,T2,2026-06-02 14:10:30,15,Banker,500,Player,0.0,False
P05,consistent,P05-D2-S1,T2,2026-06-02 14:11:15,16,Banker,500,Player,0.0,False
P05,consistent,P05-D2-S1,T2,2026-06-02 14:12:00,17,Banker,500,Banker,475.0,True
P05,consistent,P05-D2-S1,T2,2026-06-02 14:12:45,18,Player,500,Banker,0.0,False
P05,consistent,P05-D2-S1,T2,2026-06-02 14:13:30,19,Player,500,Player,500,True
P05,consistent,P05-D2-S1,T2,2026-06-02 14:14:15,20,Banker,500,Banker,475.0,True
P05,consistent,P05-D2-S1,T2,2026-06-02 14:15:00,21,Banker,500,Banker,475.0,True
P05,consistent,P05-D2-S1,T2,2026-06-02 14:15:45,22,Banker,500,Banker,475.0,True
P05,consistent,P05-D2-S1,T2,2026-06-02 14:16:30,23,Player,500,Banker,0.0,False
P05,consistent,P05-D2-S1,T2,2026-06-02 14:17:15,24,Banker,500,Player,0.0,False
P05,consistent,P05-D2-S1,T2,2026-06-02 14:18:00,25,Tie,500,Player,0.0,False
P05,consistent,P05-D2-S1,T2,2026-06-02 14:18:45,26,Banker,500,Player,0.0,False
P05,consistent,P05-D2-S1,T2,2026-06-02 14:19:30,27,Banker,500,Banker,475.0,True
P05,consistent,P05-D2-S1,T2,2026-06-02 14:20:15,28,Player,500,Player,500,True
P05,consistent,P05-D2-S1,T2,2026-06-02 14:21:00,29,Banker,500,Tie,0.0,False
P05,consistent,P05-D2-S1,T2,2026-06-02 14:21:45,30,Banker,500,Player,0.0,False
P05,consistent,P05-D2-S2,T2,2026-06-02 20:00:00,1,Banker,500,Tie,0.0,False
P05,consistent,P05-D2-S2,T2,2026-06-02 20:00:45,2,Tie,500,Banker,0.0,False
P05,consistent,P05-D2-S2,T2,2026-06-02 20:01:30,3,Banker,500,Player,0.0,False
P05,consistent,P05-D2-S2,T2,2026-06-02 20:02:15,4,Banker,500,Player,0.0,False
P05,consistent,P05-D2-S2,T2,2026-06-02 20:03:00,5,Banker,500,Tie,0.0,False
P05,consistent,P05-D2-S2,T2,2026-06-02 20:03:45,6,Tie,500,Banker,0.0,False
P05,consistent,P05-D2-S2,T2,2026-06-02 20:04:30,7,Player,500,Player,500,True
P05,consistent,P05-D2-S2,T2,2026-06-02 20:05:15,8,Banker,500,Tie,0.0,False
P05,consistent,P05-D2-S2,T2,2026-06-02 20:06:00,9,Banker,500,Player,0.0,False
P05,consistent,P05-D2-S2,T2,2026-06-02 20:06:45,10,Banker,500,Banker,475.0,True
P05,consistent,P05-D2-S2,T2,2026-06-02 20:07:30,11,Banker,500,Player,0.0,False
P05,consistent,P05-D2-S2,T2,2026-06-02 20:08:15,12,Player,500,Banker,0.0,False
P05,consistent,P05-D2-S2,T2,2026-06-02 20:09:00,13,Banker,500,Player,0.0,False
P05,consistent,P05-D2-S2,T2,2026-06-02 20:09:45,14,Player,500,Player,500,True
P05,consistent,P05-D2-S2,T2,2026-06-02 20:10:30,15,Player,500,Tie,0.0,False
P05,consistent,P05-D2-S2,T2,2026-06-02 20:11:15,16,Banker,500,Banker,475.0,True
P05,consistent,P05-D2-S2,T2,2026-06-02 20:12:00,17,Banker,500,Player,0.0,False
P05,consistent,P05-D2-S2,T2,2026-06-02 20:12:45,18,Player,500,Player,500,True
P05,consistent,P05-D2-S2,T2,2026-06-02 20:13:30,19,Banker,500,Banker,475.0,True
P05,consistent,P05-D2-S2,T2,2026-06-02 20:14:15,20,Player,500,Banker,0.0,False
P05,consistent,P05-D2-S2,T2,2026-06-02 20:15:00,21,Player,500,Player,500,True
P05,consistent,P05-D2-S2,T2,2026-06-02 20:15:45,22,Tie,500,Banker,0.0,False
P05,consistent,P05-D2-S2,T2,2026-06-02 20:16:30,23,Player,500,Banker,0.0,False
P05,consistent,P05-D2-S2,T2,2026-06-02 20:17:15,24,Player,500,Player,500,True
P05,consistent,P05-D2-S2,T2,2026-06-02 20:18:00,25,Player,500,Player,500,True
P05,consistent,P05-D2-S2,T2,2026-06-02 20:18:45,26,Player,500,Banker,0.0,False
P05,consistent,P05-D2-S2,T2,2026-06-02 20:19:30,27,Player,500,Tie,0.0,False
P05,consistent,P05-D2-S2,T2,2026-06-02 20:20:15,28,Banker,500,Banker,475.0,True
P05,consistent,P05-D2-S2,T2,2026-06-02 20:21:00,29,Player,500,Player,500,True
P05,consistent,P05-D2-S2,T2,2026-06-02 20:21:45,30,Banker,500,Player,0.0,False
P05,consistent,P05-D3-S1,T2,2026-06-03 14:00:00,1,Player,500,Player,500,True
P05,consistent,P05-D3-S1,T2,2026-06-03 14:00:45,2,Banker,500,Banker,475.0,True
P05,consistent,P05-D3-S1,T2,2026-06-03 14:01:30,3,Banker,500,Player,0.0,False
P05,consistent,P05-D3-S1,T2,2026-06-03 14:02:15,4,Player,500,Player,500,True
P05,consistent,P05-D3-S1,T2,2026-06-03 14:03:00,5,Banker,500,Banker,475.0,True
P05,consistent,P05-D3-S1,T2,2026-06-03 14:03:45,6,Player,500,Banker,0.0,False
P05,consistent,P05-D3-S1,T2,2026-06-03 14:04:30,7,Banker,500,Banker,475.0,True
P05,consistent,P05-D3-S1,T2,2026-06-03 14:05:15,8,Banker,500,Player,0.0,False
P05,consistent,P05-D3-S1,T2,2026-06-03 14:06:00,9,Banker,500,Player,0.0,False
P05,consistent,P05-D3-S1,T2,2026-06-03 14:06:45,10,Banker,500,Banker,475.0,True
P05,consistent,P05-D3-S1,T2,2026-06-03 14:07:30,11,Banker,500,Player,0.0,False
P05,consistent,P05-D3-S1,T2,2026-06-03 14:08:15,12,Banker,500,Banker,475.0,True
P05,consistent,P05-D3-S1,T2,2026-06-03 14:09:00,13,Banker,500,Banker,475.0,True
P05,consistent,P05-D3-S1,T2,2026-06-03 14:09:45,14,Player,500,Banker,0.0,False
P05,consistent,P05-D3-S1,T2,2026-06-03 14:10:30,15,Banker,500,Player,0.0,False
P05,consistent,P05-D3-S1,T2,2026-06-03 14:11:15,16,Player,500,Banker,0.0,False
P05,consistent,P05-D3-S1,T2,2026-06-03 14:12:00,17,Banker,500,Banker,475.0,True
P05,consistent,P05-D3-S1,T2,2026-06-03 14:12:45,18,Player,500,Player,500,True
P05,consistent,P05-D3-S1,T2,2026-06-03 14:13:30,19,Banker,500,Player,0.0,False
P05,consistent,P05-D3-S1,T2,2026-06-03 14:14:15,20,Player,500,Banker,0.0,False
P05,consistent,P05-D3-S1,T2,2026-06-03 14:15:00,21,Player,500,Banker,0.0,False
P05,consistent,P05-D3-S1,T2,2026-06-03 14:15:45,22,Banker,500,Banker,475.0,True
P05,consistent,P05-D3-S1,T2,2026-06-03 14:16:30,23,Player,500,Player,500,True
P05,consistent,P05-D3-S1,T2,2026-06-03 14:17:15,24,Player,500,Player,500,True
P05,consistent,P05-D3-S1,T2,2026-06-03 14:18:00,25,Player,500,Player,500,True
P05,consistent,P05-D3-S1,T2,2026-06-03 14:18:45,26,Banker,500,Banker,475.0,True
P05,consistent,P05-D3-S1,T2,2026-06-03 14:19:30,27,Banker,500,Banker,475.0,True
P05,consistent,P05-D3-S1,T2,2026-06-03 14:20:15,28,Player,500,Player,500,True
P05,consistent,P05-D3-S1,T2,2026-06-03 14:21:00,29,Banker,500,Banker,475.0,True
P05,consistent,P05-D3-S1,T2,2026-06-03 14:21:45,30,Banker,500,Player,0.0,False
P05,consistent,P05-D3-S2,T2,2026-06-03 20:00:00,1,Player,500,Player,500,True
P05,consistent,P05-D3-S2,T2,2026-06-03 20:00:45,2,Banker,500,Player,0.0,False
P05,consistent,P05-D3-S2,T2,2026-06-03 20:01:30,3,Banker,500,Banker,475.0,True
P05,consistent,P05-D3-S2,T2,2026-06-03 20:02:15,4,Player,500,Banker,0.0,False
P05,consistent,P05-D3-S2,T2,2026-06-03 20:03:00,5,Banker,500,Player,0.0,False
P05,consistent,P05-D3-S2,T2,2026-06-03 20:03:45,6,Player,500,Player,500,True
P05,consistent,P05-D3-S2,T2,2026-06-03 20:04:30,7,Banker,500,Player,0.0,False
P05,consistent,P05-D3-S2,T2,2026-06-03 20:05:15,8,Banker,500,Banker,475.0,True
P05,consistent,P05-D3-S2,T2,2026-06-03 20:06:00,9,Banker,500,Player,0.0,False
P05,consistent,P05-D3-S2,T2,2026-06-03 20:06:45,10,Player,500,Player,500,True
P05,consistent,P05-D3-S2,T2,2026-06-03 20:07:30,11,Player,500,Banker,0.0,False
P05,consistent,P05-D3-S2,T2,2026-06-03 20:08:15,12,Player,500,Player,500,True
P05,consistent,P05-D3-S2,T2,2026-06-03 20:09:00,13,Banker,500,Player,0.0,False
P05,consistent,P05-D3-S2,T2,2026-06-03 20:09:45,14,Banker,500,Player,0.0,False
P05,consistent,P05-D3-S2,T2,2026-06-03 20:10:30,15,Player,500,Banker,0.0,False
P05,consistent,P05-D3-S2,T2,2026-06-03 20:11:15,16,Player,500,Banker,0.0,False
P05,consistent,P05-D3-S2,T2,2026-06-03 20:12:00,17,Tie,500,Tie,4000.0,True
P05,consistent,P05-D3-S2,T2,2026-06-03 20:12:45,18,Player,500,Player,500,True
P05,consistent,P05-D3-S2,T2,2026-06-03 20:13:30,19,Player,500,Banker,0.0,False
P05,consistent,P05-D3-S2,T2,2026-06-03 20:14:15,20,Banker,500,Banker,475.0,True
P05,consistent,P05-D3-S2,T2,2026-06-03 20:15:00,21,Player,500,Banker,0.0,False
P05,consistent,P05-D3-S2,T2,2026-06-03 20:15:45,22,Banker,500,Banker,475.0,True
P05,consistent,P05-D3-S2,T2,2026-06-03 20:16:30,23,Banker,500,Banker,475.0,True
P05,consistent,P05-D3-S2,T2,2026-06-03 20:17:15,24,Player,500,Banker,0.0,False
P05,consistent,P05-D3-S2,T2,2026-06-03 20:18:00,25,Player,500,Tie,0.0,False
P05,consistent,P05-D3-S2,T2,2026-06-03 20:18:45,26,Banker,500,Player,0.0,False
P05,consistent,P05-D3-S2,T2,2026-06-03 20:19:30,27,Banker,500,Player,0.0,False
P05,consistent,P05-D3-S2,T2,2026-06-03 20:20:15,28,Player,500,Banker,0.0,False
P05,consistent,P05-D3-S2,T2,2026-06-03 20:21:00,29,Banker,500,Player,0.0,False
P05,consistent,P05-D3-S2,T2,2026-06-03 20:21:45,30,Player,500,Player,500,True
P06,chaser,P06-D1-S1,T1,2026-06-01 20:00:00,1,Player,500,Banker,0.0,False
P06,chaser,P06-D1-S1,T1,2026-06-01 20:00:45,2,Player,750,Banker,0.0,False
P06,chaser,P06-D1-S1,T1,2026-06-01 20:01:30,3,Banker,1125,Player,0.0,False
P06,chaser,P06-D1-S1,T1,2026-06-01 20:02:15,4,Banker,1500,Player,0.0,False
P06,chaser,P06-D1-S1,T1,2026-06-01 20:03:00,5,Player,1500,Banker,0.0,False
P06,chaser,P06-D1-S1,T1,2026-06-01 20:03:45,6,Tie,1500,Banker,0.0,False
P06,chaser,P06-D1-S1,T1,2026-06-01 20:04:30,7,Banker,1500,Player,0.0,False
P06,chaser,P06-D1-S1,T1,2026-06-01 20:05:15,8,Banker,1500,Player,0.0,False
P06,chaser,P06-D1-S1,T1,2026-06-01 20:06:00,9,Banker,1500,Player,0.0,False
P06,chaser,P06-D1-S1,T1,2026-06-01 20:06:45,10,Player,1500,Tie,0.0,False
P06,chaser,P06-D1-S1,T1,2026-06-01 20:07:30,11,Banker,1500,Banker,1425.0,True
P06,chaser,P06-D1-S1,T1,2026-06-01 20:08:15,12,Banker,500,Banker,475.0,True
P06,chaser,P06-D1-S1,T1,2026-06-01 20:09:00,13,Player,500,Player,500,True
P06,chaser,P06-D1-S1,T1,2026-06-01 20:09:45,14,Player,500,Banker,0.0,False
P06,chaser,P06-D1-S1,T1,2026-06-01 20:10:30,15,Banker,750,Player,0.0,False
P06,chaser,P06-D1-S1,T1,2026-06-01 20:11:15,16,Tie,1125,Tie,9000.0,True
P06,chaser,P06-D1-S1,T1,2026-06-01 20:12:00,17,Player,500,Player,500,True
P06,chaser,P06-D1-S1,T1,2026-06-01 20:12:45,18,Player,500,Banker,0.0,False
P06,chaser,P06-D1-S1,T1,2026-06-01 20:13:30,19,Player,750,Player,750,True
P06,chaser,P06-D1-S1,T1,2026-06-01 20:14:15,20,Player,500,Banker,0.0,False
P06,chaser,P06-D1-S1,T1,2026-06-01 20:15:00,21,Banker,750,Player,0.0,False
P06,chaser,P06-D1-S1,T1,2026-06-01 20:15:45,22,Player,1125,Player,1125,True
P06,chaser,P06-D1-S1,T1,2026-06-01 20:16:30,23,Player,500,Banker,0.0,False
P06,chaser,P06-D1-S1,T1,2026-06-01 20:17:15,24,Banker,750,Banker,712.5,True
P06,chaser,P06-D1-S1,T1,2026-06-01 20:18:00,25,Player,500,Banker,0.0,False
P06,chaser,P06-D1-S1,T1,2026-06-01 20:18:45,26,Player,750,Player,750,True
P06,chaser,P06-D1-S1,T1,2026-06-01 20:19:30,27,Player,500,Banker,0.0,False
P06,chaser,P06-D1-S1,T1,2026-06-01 20:20:15,28,Player,750,Player,750,True
P06,chaser,P06-D1-S1,T1,2026-06-01 20:21:00,29,Player,500,Player,500,True
P06,chaser,P06-D1-S1,T1,2026-06-01 20:21:45,30,Player,500,Banker,0.0,False
P06,chaser,P06-D1-S2,T1,2026-06-01 22:00:00,1,Player,750,Player,750,True
P06,chaser,P06-D1-S2,T1,2026-06-01 22:00:45,2,Player,500,Banker,0.0,False
P06,chaser,P06-D1-S2,T1,2026-06-01 22:01:30,3,Banker,750,Banker,712.5,True
P06,chaser,P06-D1-S2,T1,2026-06-01 22:02:15,4,Banker,500,Banker,475.0,True
P06,chaser,P06-D1-S2,T1,2026-06-01 22:03:00,5,Player,500,Player,500,True
P06,chaser,P06-D1-S2,T1,2026-06-01 22:03:45,6,Tie,500,Player,0.0,False
P06,chaser,P06-D1-S2,T1,2026-06-01 22:04:30,7,Player,750,Banker,0.0,False
P06,chaser,P06-D1-S2,T1,2026-06-01 22:05:15,8,Banker,1125,Player,0.0,False
P06,chaser,P06-D1-S2,T1,2026-06-01 22:06:00,9,Player,1500,Banker,0.0,False
P06,chaser,P06-D1-S2,T1,2026-06-01 22:06:45,10,Banker,1500,Banker,1425.0,True
P06,chaser,P06-D1-S2,T1,2026-06-01 22:07:30,11,Banker,500,Player,0.0,False
P06,chaser,P06-D1-S2,T1,2026-06-01 22:08:15,12,Banker,750,Player,0.0,False
P06,chaser,P06-D1-S2,T1,2026-06-01 22:09:00,13,Banker,1125,Banker,1068.75,True
P06,chaser,P06-D1-S2,T1,2026-06-01 22:09:45,14,Banker,500,Banker,475.0,True
P06,chaser,P06-D1-S2,T1,2026-06-01 22:10:30,15,Banker,500,Player,0.0,False
P06,chaser,P06-D1-S2,T1,2026-06-01 22:11:15,16,Banker,750,Banker,712.5,True
P06,chaser,P06-D1-S2,T1,2026-06-01 22:12:00,17,Player,500,Banker,0.0,False
P06,chaser,P06-D1-S2,T1,2026-06-01 22:12:45,18,Player,750,Banker,0.0,False
P06,chaser,P06-D1-S2,T1,2026-06-01 22:13:30,19,Banker,1125,Banker,1068.75,True
P06,chaser,P06-D1-S2,T1,2026-06-01 22:14:15,20,Player,500,Banker,0.0,False
P06,chaser,P06-D1-S2,T1,2026-06-01 22:15:00,21,Banker,750,Player,0.0,False
P06,chaser,P06-D1-S2,T1,2026-06-01 22:15:45,22,Player,1125,Banker,0.0,False
P06,chaser,P06-D1-S2,T1,2026-06-01 22:16:30,23,Player,1500,Player,1500,True
P06,chaser,P06-D1-S2,T1,2026-06-01 22:17:15,24,Banker,500,Player,0.0,False
P06,chaser,P06-D1-S2,T1,2026-06-01 22:18:00,25,Player,750,Banker,0.0,False
P06,chaser,P06-D1-S2,T1,2026-06-01 22:18:45,26,Player,1125,Player,1125,True
P06,chaser,P06-D1-S2,T1,2026-06-01 22:19:30,27,Banker,500,Tie,0.0,False
P06,chaser,P06-D1-S2,T1,2026-06-01 22:20:15,28,Player,750,Player,750,True
P06,chaser,P06-D1-S2,T1,2026-06-01 22:21:00,29,Banker,500,Banker,475.0,True
P06,chaser,P06-D1-S2,T1,2026-06-01 22:21:45,30,Banker,500,Banker,475.0,True
P06,chaser,P06-D2-S1,T1,2026-06-02 20:00:00,1,Banker,500,Banker,475.0,True
P06,chaser,P06-D2-S1,T1,2026-06-02 20:00:45,2,Player,500,Banker,0.0,False
P06,chaser,P06-D2-S1,T1,2026-06-02 20:01:30,3,Player,750,Banker,0.0,False
P06,chaser,P06-D2-S1,T1,2026-06-02 20:02:15,4,Banker,1125,Player,0.0,False
P06,chaser,P06-D2-S1,T1,2026-06-02 20:03:00,5,Banker,1500,Player,0.0,False
P06,chaser,P06-D2-S1,T1,2026-06-02 20:03:45,6,Banker,1500,Banker,1425.0,True
P06,chaser,P06-D2-S1,T1,2026-06-02 20:04:30,7,Player,500,Banker,0.0,False
P06,chaser,P06-D2-S1,T1,2026-06-02 20:05:15,8,Player,750,Banker,0.0,False
P06,chaser,P06-D2-S1,T1,2026-06-02 20:06:00,9,Banker,1125,Banker,1068.75,True
P06,chaser,P06-D2-S1,T1,2026-06-02 20:06:45,10,Player,500,Player,500,True
P06,chaser,P06-D2-S1,T1,2026-06-02 20:07:30,11,Banker,500,Player,0.0,False
P06,chaser,P06-D2-S1,T1,2026-06-02 20:08:15,12,Player,750,Player,750,True
P06,chaser,P06-D2-S1,T1,2026-06-02 20:09:00,13,Banker,500,Player,0.0,False
P06,chaser,P06-D2-S1,T1,2026-06-02 20:09:45,14,Banker,750,Banker,712.5,True
P06,chaser,P06-D2-S1,T1,2026-06-02 20:10:30,15,Player,500,Player,500,True
P06,chaser,P06-D2-S1,T1,2026-06-02 20:11:15,16,Player,500,Tie,0.0,False
P06,chaser,P06-D2-S1,T1,2026-06-02 20:12:00,17,Banker,750,Banker,712.5,True
P06,chaser,P06-D2-S1,T1,2026-06-02 20:12:45,18,Banker,500,Player,0.0,False
P06,chaser,P06-D2-S1,T1,2026-06-02 20:13:30,19,Banker,750,Tie,0.0,False
P06,chaser,P06-D2-S1,T1,2026-06-02 20:14:15,20,Banker,1125,Tie,0.0,False
P06,chaser,P06-D2-S1,T1,2026-06-02 20:15:00,21,Banker,1500,Player,0.0,False
P06,chaser,P06-D2-S1,T1,2026-06-02 20:15:45,22,Player,1500,Player,1500,True
P06,chaser,P06-D2-S1,T1,2026-06-02 20:16:30,23,Player,500,Banker,0.0,False
P06,chaser,P06-D2-S1,T1,2026-06-02 20:17:15,24,Banker,750,Player,0.0,False
P06,chaser,P06-D2-S1,T1,2026-06-02 20:18:00,25,Player,1125,Player,1125,True
P06,chaser,P06-D2-S1,T1,2026-06-02 20:18:45,26,Banker,500,Player,0.0,False
P06,chaser,P06-D2-S1,T1,2026-06-02 20:19:30,27,Banker,750,Banker,712.5,True
P06,chaser,P06-D2-S1,T1,2026-06-02 20:20:15,28,Banker,500,Banker,475.0,True
P06,chaser,P06-D2-S1,T1,2026-06-02 20:21:00,29,Banker,500,Banker,475.0,True
P06,chaser,P06-D2-S1,T1,2026-06-02 20:21:45,30,Player,500,Player,500,True
P06,chaser,P06-D2-S2,T1,2026-06-02 22:00:00,1,Player,500,Player,500,True
P06,chaser,P06-D2-S2,T1,2026-06-02 22:00:45,2,Banker,500,Player,0.0,False
P06,chaser,P06-D2-S2,T1,2026-06-02 22:01:30,3,Tie,750,Banker,0.0,False
P06,chaser,P06-D2-S2,T1,2026-06-02 22:02:15,4,Player,1125,Player,1125,True
P06,chaser,P06-D2-S2,T1,2026-06-02 22:03:00,5,Player,500,Player,500,True
P06,chaser,P06-D2-S2,T1,2026-06-02 22:03:45,6,Banker,500,Banker,475.0,True
P06,chaser,P06-D2-S2,T1,2026-06-02 22:04:30,7,Banker,500,Player,0.0,False
P06,chaser,P06-D2-S2,T1,2026-06-02 22:05:15,8,Player,750,Player,750,True
P06,chaser,P06-D2-S2,T1,2026-06-02 22:06:00,9,Player,500,Player,500,True
P06,chaser,P06-D2-S2,T1,2026-06-02 22:06:45,10,Banker,500,Tie,0.0,False
P06,chaser,P06-D2-S2,T1,2026-06-02 22:07:30,11,Banker,750,Player,0.0,False
P06,chaser,P06-D2-S2,T1,2026-06-02 22:08:15,12,Banker,1125,Banker,1068.75,True
P06,chaser,P06-D2-S2,T1,2026-06-02 22:09:00,13,Player,500,Player,500,True
P06,chaser,P06-D2-S2,T1,2026-06-02 22:09:45,14,Banker,500,Player,0.0,False
P06,chaser,P06-D2-S2,T1,2026-06-02 22:10:30,15,Banker,750,Banker,712.5,True
P06,chaser,P06-D2-S2,T1,2026-06-02 22:11:15,16,Player,500,Player,500,True
P06,chaser,P06-D2-S2,T1,2026-06-02 22:12:00,17,Tie,500,Banker,0.0,False
P06,chaser,P06-D2-S2,T1,2026-06-02 22:12:45,18,Banker,750,Player,0.0,False
P06,chaser,P06-D2-S2,T1,2026-06-02 22:13:30,19,Banker,1125,Tie,0.0,False
P06,chaser,P06-D2-S2,T1,2026-06-02 22:14:15,20,Player,1500,Player,1500,True
P06,chaser,P06-D2-S2,T1,2026-06-02 22:15:00,21,Banker,500,Banker,475.0,True
P06,chaser,P06-D2-S2,T1,2026-06-02 22:15:45,22,Player,500,Player,500,True
P06,chaser,P06-D2-S2,T1,2026-06-02 22:16:30,23,Banker,500,Banker,475.0,True
P06,chaser,P06-D2-S2,T1,2026-06-02 22:17:15,24,Banker,500,Player,0.0,False
P06,chaser,P06-D2-S2,T1,2026-06-02 22:18:00,25,Banker,750,Banker,712.5,True
P06,chaser,P06-D2-S2,T1,2026-06-02 22:18:45,26,Banker,500,Player,0.0,False
P06,chaser,P06-D2-S2,T1,2026-06-02 22:19:30,27,Banker,750,Banker,712.5,True
P06,chaser,P06-D2-S2,T1,2026-06-02 22:20:15,28,Player,500,Player,500,True
P06,chaser,P06-D2-S2,T1,2026-06-02 22:21:00,29,Player,500,Player,500,True
P06,chaser,P06-D2-S2,T1,2026-06-02 22:21:45,30,Banker,500,Player,0.0,False
P06,chaser,P06-D3-S1,T1,2026-06-03 20:00:00,1,Banker,750,Banker,712.5,True
P06,chaser,P06-D3-S1,T1,2026-06-03 20:00:45,2,Player,500,Player,500,True
P06,chaser,P06-D3-S1,T1,2026-06-03 20:01:30,3,Player,500,Banker,0.0,False
P06,chaser,P06-D3-S1,T1,2026-06-03 20:02:15,4,Player,750,Banker,0.0,False
P06,chaser,P06-D3-S1,T1,2026-06-03 20:03:00,5,Banker,1125,Player,0.0,False
P06,chaser,P06-D3-S1,T1,2026-06-03 20:03:45,6,Banker,1500,Banker,1425.0,True
P06,chaser,P06-D3-S1,T1,2026-06-03 20:04:30,7,Banker,500,Banker,475.0,True
P06,chaser,P06-D3-S1,T1,2026-06-03 20:05:15,8,Player,500,Player,500,True
P06,chaser,P06-D3-S1,T1,2026-06-03 20:06:00,9,Player,500,Player,500,True
P06,chaser,P06-D3-S1,T1,2026-06-03 20:06:45,10,Banker,500,Player,0.0,False
P06,chaser,P06-D3-S1,T1,2026-06-03 20:07:30,11,Banker,750,Banker,712.5,True
P06,chaser,P06-D3-S1,T1,2026-06-03 20:08:15,12,Banker,500,Player,0.0,False
P06,chaser,P06-D3-S1,T1,2026-06-03 20:09:00,13,Banker,750,Tie,0.0,False
P06,chaser,P06-D3-S1,T1,2026-06-03 20:09:45,14,Banker,1125,Banker,1068.75,True
P06,chaser,P06-D3-S1,T1,2026-06-03 20:10:30,15,Banker,500,Banker,475.0,True
P06,chaser,P06-D3-S1,T1,2026-06-03 20:11:15,16,Banker,500,Banker,475.0,True
P06,chaser,P06-D3-S1,T1,2026-06-03 20:12:00,17,Player,500,Player,500,True
P06,chaser,P06-D3-S1,T1,2026-06-03 20:12:45,18,Player,500,Tie,0.0,False
P06,chaser,P06-D3-S1,T1,2026-06-03 20:13:30,19,Banker,750,Player,0.0,False
P06,chaser,P06-D3-S1,T1,2026-06-03 20:14:15,20,Banker,1125,Banker,1068.75,True
P06,chaser,P06-D3-S1,T1,2026-06-03 20:15:00,21,Banker,500,Banker,475.0,True
P06,chaser,P06-D3-S1,T1,2026-06-03 20:15:45,22,Player,500,Banker,0.0,False
P06,chaser,P06-D3-S1,T1,2026-06-03 20:16:30,23,Banker,750,Player,0.0,False
P06,chaser,P06-D3-S1,T1,2026-06-03 20:17:15,24,Player,1125,Player,1125,True
P06,chaser,P06-D3-S1,T1,2026-06-03 20:18:00,25,Player,500,Tie,0.0,False
P06,chaser,P06-D3-S1,T1,2026-06-03 20:18:45,26,Banker,750,Banker,712.5,True
P06,chaser,P06-D3-S1,T1,2026-06-03 20:19:30,27,Banker,500,Banker,475.0,True
P06,chaser,P06-D3-S1,T1,2026-06-03 20:20:15,28,Player,500,Player,500,True
P06,chaser,P06-D3-S1,T1,2026-06-03 20:21:00,29,Tie,500,Player,0.0,False
P06,chaser,P06-D3-S1,T1,2026-06-03 20:21:45,30,Banker,750,Player,0.0,False
P06,chaser,P06-D3-S2,T1,2026-06-03 22:00:00,1,Player,1125,Banker,0.0,False
P06,chaser,P06-D3-S2,T1,2026-06-03 22:00:45,2,Banker,1500,Player,0.0,False
P06,chaser,P06-D3-S2,T1,2026-06-03 22:01:30,3,Player,1500,Player,1500,True
P06,chaser,P06-D3-S2,T1,2026-06-03 22:02:15,4,Banker,500,Banker,475.0,True
P06,chaser,P06-D3-S2,T1,2026-06-03 22:03:00,5,Player,500,Player,500,True
P06,chaser,P06-D3-S2,T1,2026-06-03 22:03:45,6,Banker,500,Banker,475.0,True
P06,chaser,P06-D3-S2,T1,2026-06-03 22:04:30,7,Banker,500,Banker,475.0,True
P06,chaser,P06-D3-S2,T1,2026-06-03 22:05:15,8,Player,500,Player,500,True
P06,chaser,P06-D3-S2,T1,2026-06-03 22:06:00,9,Banker,500,Player,0.0,False
P06,chaser,P06-D3-S2,T1,2026-06-03 22:06:45,10,Player,750,Player,750,True
P06,chaser,P06-D3-S2,T1,2026-06-03 22:07:30,11,Player,500,Banker,0.0,False
P06,chaser,P06-D3-S2,T1,2026-06-03 22:08:15,12,Player,750,Tie,0.0,False
P06,chaser,P06-D3-S2,T1,2026-06-03 22:09:00,13,Player,1125,Player,1125,True
P06,chaser,P06-D3-S2,T1,2026-06-03 22:09:45,14,Banker,500,Banker,475.0,True
P06,chaser,P06-D3-S2,T1,2026-06-03 22:10:30,15,Player,500,Banker,0.0,False
P06,chaser,P06-D3-S2,T1,2026-06-03 22:11:15,16,Banker,750,Player,0.0,False
P06,chaser,P06-D3-S2,T1,2026-06-03 22:12:00,17,Banker,1125,Player,0.0,False
P06,chaser,P06-D3-S2,T1,2026-06-03 22:12:45,18,Player,1500,Banker,0.0,False
P06,chaser,P06-D3-S2,T1,2026-06-03 22:13:30,19,Player,1500,Banker,0.0,False
P06,chaser,P06-D3-S2,T1,2026-06-03 22:14:15,20,Player,1500,Banker,0.0,False
P06,chaser,P06-D3-S2,T1,2026-06-03 22:15:00,21,Player,1500,Banker,0.0,False
P06,chaser,P06-D3-S2,T1,2026-06-03 22:15:45,22,Player,1500,Player,1500,True
P06,chaser,P06-D3-S2,T1,2026-06-03 22:16:30,23,Banker,500,Player,0.0,False
P06,chaser,P06-D3-S2,T1,2026-06-03 22:17:15,24,Player,750,Player,750,True
P06,chaser,P06-D3-S2,T1,2026-06-03 22:18:00,25,Player,500,Player,500,True
P06,chaser,P06-D3-S2,T1,2026-06-03 22:18:45,26,Player,500,Player,500,True
P06,chaser,P06-D3-S2,T1,2026-06-03 22:19:30,27,Banker,500,Player,0.0,False
P06,chaser,P06-D3-S2,T1,2026-06-03 22:20:15,28,Banker,750,Tie,0.0,False
P06,chaser,P06-D3-S2,T1,2026-06-03 22:21:00,29,Tie,1125,Player,0.0,False
P06,chaser,P06-D3-S2,T1,2026-06-03 22:21:45,30,Player,1500,Player,1500,True
P07,momentum,P07-D1-S1,T2,2026-06-01 14:00:00,1,Banker,500,Player,0.0,False
P07,momentum,P07-D1-S1,T2,2026-06-01 14:00:45,2,Banker,500,Player,0.0,False
P07,momentum,P07-D1-S1,T2,2026-06-01 14:01:30,3,Banker,500,Banker,475.0,True
P07,momentum,P07-D1-S1,T2,2026-06-01 14:02:15,4,Player,700,Player,700,True
P07,momentum,P07-D1-S1,T2,2026-06-01 14:03:00,5,Banker,979,Banker,930.05,True
P07,momentum,P07-D1-S1,T2,2026-06-01 14:03:45,6,Banker,1370,Banker,1301.5,True
P07,momentum,P07-D1-S1,T2,2026-06-01 14:04:30,7,Banker,1500,Player,0.0,False
P07,momentum,P07-D1-S1,T2,2026-06-01 14:05:15,8,Player,500,Banker,0.0,False
P07,momentum,P07-D1-S1,T2,2026-06-01 14:06:00,9,Banker,500,Player,0.0,False
P07,momentum,P07-D1-S1,T2,2026-06-01 14:06:45,10,Player,500,Banker,0.0,False
P07,momentum,P07-D1-S1,T2,2026-06-01 14:07:30,11,Banker,500,Player,0.0,False
P07,momentum,P07-D1-S1,T2,2026-06-01 14:08:15,12,Player,500,Player,500,True
P07,momentum,P07-D1-S1,T2,2026-06-01 14:09:00,13,Banker,700,Player,0.0,False
P07,momentum,P07-D1-S1,T2,2026-06-01 14:09:45,14,Player,500,Player,500,True
P07,momentum,P07-D1-S1,T2,2026-06-01 14:10:30,15,Player,700,Player,700,True
P07,momentum,P07-D1-S1,T2,2026-06-01 14:11:15,16,Tie,979,Banker,0.0,False
P07,momentum,P07-D1-S1,T2,2026-06-01 14:12:00,17,Player,500,Player,500,True
P07,momentum,P07-D1-S1,T2,2026-06-01 14:12:45,18,Player,700,Player,700,True
P07,momentum,P07-D1-S1,T2,2026-06-01 14:13:30,19,Tie,979,Banker,0.0,False
P07,momentum,P07-D1-S1,T2,2026-06-01 14:14:15,20,Banker,500,Player,0.0,False
P07,momentum,P07-D1-S1,T2,2026-06-01 14:15:00,21,Banker,500,Banker,475.0,True
P07,momentum,P07-D1-S1,T2,2026-06-01 14:15:45,22,Banker,700,Player,0.0,False
P07,momentum,P07-D1-S1,T2,2026-06-01 14:16:30,23,Player,500,Player,500,True
P07,momentum,P07-D1-S1,T2,2026-06-01 14:17:15,24,Player,700,Player,700,True
P07,momentum,P07-D1-S1,T2,2026-06-01 14:18:00,25,Player,979,Banker,0.0,False
P07,momentum,P07-D1-S1,T2,2026-06-01 14:18:45,26,Banker,500,Player,0.0,False
P07,momentum,P07-D1-S1,T2,2026-06-01 14:19:30,27,Banker,500,Tie,0.0,False
P07,momentum,P07-D1-S1,T2,2026-06-01 14:20:15,28,Tie,500,Banker,0.0,False
P07,momentum,P07-D1-S1,T2,2026-06-01 14:21:00,29,Tie,500,Banker,0.0,False
P07,momentum,P07-D1-S1,T2,2026-06-01 14:21:45,30,Player,500,Tie,0.0,False
P07,momentum,P07-D1-S2,T2,2026-06-01 16:00:00,1,Player,500,Banker,0.0,False
P07,momentum,P07-D1-S2,T2,2026-06-01 16:00:45,2,Banker,500,Player,0.0,False
P07,momentum,P07-D1-S2,T2,2026-06-01 16:01:30,3,Banker,500,Banker,475.0,True
P07,momentum,P07-D1-S2,T2,2026-06-01 16:02:15,4,Player,700,Player,700,True
P07,momentum,P07-D1-S2,T2,2026-06-01 16:03:00,5,Player,979,Banker,0.0,False
P07,momentum,P07-D1-S2,T2,2026-06-01 16:03:45,6,Player,500,Player,500,True
P07,momentum,P07-D1-S2,T2,2026-06-01 16:04:30,7,Banker,700,Banker,665.0,True
P07,momentum,P07-D1-S2,T2,2026-06-01 16:05:15,8,Banker,979,Banker,930.05,True
P07,momentum,P07-D1-S2,T2,2026-06-01 16:06:00,9,Player,1370,Banker,0.0,False
P07,momentum,P07-D1-S2,T2,2026-06-01 16:06:45,10,Banker,500,Player,0.0,False
P07,momentum,P07-D1-S2,T2,2026-06-01 16:07:30,11,Banker,500,Banker,475.0,True
P07,momentum,P07-D1-S2,T2,2026-06-01 16:08:15,12,Player,700,Banker,0.0,False
P07,momentum,P07-D1-S2,T2,2026-06-01 16:09:00,13,Banker,500,Player,0.0,False
P07,momentum,P07-D1-S2,T2,2026-06-01 16:09:45,14,Banker,500,Banker,475.0,True
P07,momentum,P07-D1-S2,T2,2026-06-01 16:10:30,15,Banker,700,Player,0.0,False
P07,momentum,P07-D1-S2,T2,2026-06-01 16:11:15,16,Banker,500,Banker,475.0,True
P07,momentum,P07-D1-S2,T2,2026-06-01 16:12:00,17,Player,700,Banker,0.0,False
P07,momentum,P07-D1-S2,T2,2026-06-01 16:12:45,18,Player,500,Player,500,True
P07,momentum,P07-D1-S2,T2,2026-06-01 16:13:30,19,Banker,700,Player,0.0,False
P07,momentum,P07-D1-S2,T2,2026-06-01 16:14:15,20,Player,500,Player,500,True
P07,momentum,P07-D1-S2,T2,2026-06-01 16:15:00,21,Banker,700,Banker,665.0,True
P07,momentum,P07-D1-S2,T2,2026-06-01 16:15:45,22,Player,979,Banker,0.0,False
P07,momentum,P07-D1-S2,T2,2026-06-01 16:16:30,23,Player,500,Tie,0.0,False
P07,momentum,P07-D1-S2,T2,2026-06-01 16:17:15,24,Banker,500,Banker,475.0,True
P07,momentum,P07-D1-S2,T2,2026-06-01 16:18:00,25,Banker,700,Player,0.0,False
P07,momentum,P07-D1-S2,T2,2026-06-01 16:18:45,26,Player,500,Banker,0.0,False
P07,momentum,P07-D1-S2,T2,2026-06-01 16:19:30,27,Banker,500,Banker,475.0,True
P07,momentum,P07-D1-S2,T2,2026-06-01 16:20:15,28,Banker,700,Player,0.0,False
P07,momentum,P07-D1-S2,T2,2026-06-01 16:21:00,29,Banker,500,Player,0.0,False
P07,momentum,P07-D1-S2,T2,2026-06-01 16:21:45,30,Player,500,Player,500,True
P07,momentum,P07-D2-S1,T2,2026-06-02 14:00:00,1,Player,700,Banker,0.0,False
P07,momentum,P07-D2-S1,T2,2026-06-02 14:00:45,2,Player,500,Banker,0.0,False
P07,momentum,P07-D2-S1,T2,2026-06-02 14:01:30,3,Banker,500,Player,0.0,False
P07,momentum,P07-D2-S1,T2,2026-06-02 14:02:15,4,Banker,500,Player,0.0,False
P07,momentum,P07-D2-S1,T2,2026-06-02 14:03:00,5,Player,500,Banker,0.0,False
P07,momentum,P07-D2-S1,T2,2026-06-02 14:03:45,6,Player,500,Player,500,True
P07,momentum,P07-D2-S1,T2,2026-06-02 14:04:30,7,Banker,700,Banker,665.0,True
P07,momentum,P07-D2-S1,T2,2026-06-02 14:05:15,8,Player,979,Banker,0.0,False
P07,momentum,P07-D2-S1,T2,2026-06-02 14:06:00,9,Player,500,Banker,0.0,False
P07,momentum,P07-D2-S1,T2,2026-06-02 14:06:45,10,Banker,500,Banker,475.0,True
P07,momentum,P07-D2-S1,T2,2026-06-02 14:07:30,11,Banker,700,Banker,665.0,True
P07,momentum,P07-D2-S1,T2,2026-06-02 14:08:15,12,Banker,979,Player,0.0,False
P07,momentum,P07-D2-S1,T2,2026-06-02 14:09:00,13,Banker,500,Player,0.0,False
P07,momentum,P07-D2-S1,T2,2026-06-02 14:09:45,14,Tie,500,Player,0.0,False
P07,momentum,P07-D2-S1,T2,2026-06-02 14:10:30,15,Player,500,Banker,0.0,False
P07,momentum,P07-D2-S1,T2,2026-06-02 14:11:15,16,Banker,500,Banker,475.0,True
P07,momentum,P07-D2-S1,T2,2026-06-02 14:12:00,17,Player,700,Tie,0.0,False
P07,momentum,P07-D2-S1,T2,2026-06-02 14:12:45,18,Banker,500,Banker,475.0,True
P07,momentum,P07-D2-S1,T2,2026-06-02 14:13:30,19,Player,700,Player,700,True
P07,momentum,P07-D2-S1,T2,2026-06-02 14:14:15,20,Banker,979,Banker,930.05,True
P07,momentum,P07-D2-S1,T2,2026-06-02 14:15:00,21,Player,1370,Player,1370,True
P07,momentum,P07-D2-S1,T2,2026-06-02 14:15:45,22,Banker,1500,Banker,1425.0,True
P07,momentum,P07-D2-S1,T2,2026-06-02 14:16:30,23,Player,1500,Banker,0.0,False
P07,momentum,P07-D2-S1,T2,2026-06-02 14:17:15,24,Banker,500,Tie,0.0,False
P07,momentum,P07-D2-S1,T2,2026-06-02 14:18:00,25,Player,500,Banker,0.0,False
P07,momentum,P07-D2-S1,T2,2026-06-02 14:18:45,26,Player,500,Player,500,True
P07,momentum,P07-D2-S1,T2,2026-06-02 14:19:30,27,Banker,700,Player,0.0,False
P07,momentum,P07-D2-S1,T2,2026-06-02 14:20:15,28,Tie,500,Banker,0.0,False
P07,momentum,P07-D2-S1,T2,2026-06-02 14:21:00,29,Banker,500,Banker,475.0,True
P07,momentum,P07-D2-S1,T2,2026-06-02 14:21:45,30,Banker,700,Tie,0.0,False
P07,momentum,P07-D2-S2,T2,2026-06-02 16:00:00,1,Banker,500,Player,0.0,False
P07,momentum,P07-D2-S2,T2,2026-06-02 16:00:45,2,Player,500,Player,500,True
P07,momentum,P07-D2-S2,T2,2026-06-02 16:01:30,3,Banker,700,Banker,665.0,True
P07,momentum,P07-D2-S2,T2,2026-06-02 16:02:15,4,Banker,979,Banker,930.05,True
P07,momentum,P07-D2-S2,T2,2026-06-02 16:03:00,5,Banker,1370,Player,0.0,False
P07,momentum,P07-D2-S2,T2,2026-06-02 16:03:45,6,Player,500,Player,500,True
P07,momentum,P07-D2-S2,T2,2026-06-02 16:04:30,7,Banker,700,Banker,665.0,True
P07,momentum,P07-D2-S2,T2,2026-06-02 16:05:15,8,Player,979,Player,979,True
P07,momentum,P07-D2-S2,T2,2026-06-02 16:06:00,9,Banker,1370,Player,0.0,False
P07,momentum,P07-D2-S2,T2,2026-06-02 16:06:45,10,Banker,500,Player,0.0,False
P07,momentum,P07-D2-S2,T2,2026-06-02 16:07:30,11,Player,500,Banker,0.0,False
P07,momentum,P07-D2-S2,T2,2026-06-02 16:08:15,12,Tie,500,Banker,0.0,False
P07,momentum,P07-D2-S2,T2,2026-06-02 16:09:00,13,Banker,500,Player,0.0,False
P07,momentum,P07-D2-S2,T2,2026-06-02 16:09:45,14,Banker,500,Player,0.0,False
P07,momentum,P07-D2-S2,T2,2026-06-02 16:10:30,15,Banker,500,Player,0.0,False
P07,momentum,P07-D2-S2,T2,2026-06-02 16:11:15,16,Player,500,Banker,0.0,False
P07,momentum,P07-D2-S2,T2,2026-06-02 16:12:00,17,Player,500,Player,500,True
P07,momentum,P07-D2-S2,T2,2026-06-02 16:12:45,18,Player,700,Banker,0.0,False
P07,momentum,P07-D2-S2,T2,2026-06-02 16:13:30,19,Player,500,Banker,0.0,False
P07,momentum,P07-D2-S2,T2,2026-06-02 16:14:15,20,Banker,500,Banker,475.0,True
P07,momentum,P07-D2-S2,T2,2026-06-02 16:15:00,21,Player,700,Banker,0.0,False
P07,momentum,P07-D2-S2,T2,2026-06-02 16:15:45,22,Tie,500,Banker,0.0,False
P07,momentum,P07-D2-S2,T2,2026-06-02 16:16:30,23,Player,500,Banker,0.0,False
P07,momentum,P07-D2-S2,T2,2026-06-02 16:17:15,24,Player,500,Player,500,True
P07,momentum,P07-D2-S2,T2,2026-06-02 16:18:00,25,Banker,700,Banker,665.0,True
P07,momentum,P07-D2-S2,T2,2026-06-02 16:18:45,26,Banker,979,Tie,0.0,False
P07,momentum,P07-D2-S2,T2,2026-06-02 16:19:30,27,Player,500,Player,500,True
P07,momentum,P07-D2-S2,T2,2026-06-02 16:20:15,28,Player,700,Banker,0.0,False
P07,momentum,P07-D2-S2,T2,2026-06-02 16:21:00,29,Banker,500,Banker,475.0,True
P07,momentum,P07-D2-S2,T2,2026-06-02 16:21:45,30,Banker,700,Player,0.0,False
P07,momentum,P07-D3-S1,T2,2026-06-03 14:00:00,1,Player,500,Banker,0.0,False
P07,momentum,P07-D3-S1,T2,2026-06-03 14:00:45,2,Player,500,Player,500,True
P07,momentum,P07-D3-S1,T2,2026-06-03 14:01:30,3,Banker,700,Banker,665.0,True
P07,momentum,P07-D3-S1,T2,2026-06-03 14:02:15,4,Banker,979,Banker,930.05,True
P07,momentum,P07-D3-S1,T2,2026-06-03 14:03:00,5,Player,1370,Banker,0.0,False
P07,momentum,P07-D3-S1,T2,2026-06-03 14:03:45,6,Banker,500,Player,0.0,False
P07,momentum,P07-D3-S1,T2,2026-06-03 14:04:30,7,Tie,500,Banker,0.0,False
P07,momentum,P07-D3-S1,T2,2026-06-03 14:05:15,8,Player,500,Tie,0.0,False
P07,momentum,P07-D3-S1,T2,2026-06-03 14:06:00,9,Player,500,Player,500,True
P07,momentum,P07-D3-S1,T2,2026-06-03 14:06:45,10,Banker,700,Player,0.0,False
P07,momentum,P07-D3-S1,T2,2026-06-03 14:07:30,11,Banker,500,Tie,0.0,False
P07,momentum,P07-D3-S1,T2,2026-06-03 14:08:15,12,Player,500,Player,500,True
P07,momentum,P07-D3-S1,T2,2026-06-03 14:09:00,13,Banker,700,Player,0.0,False
P07,momentum,P07-D3-S1,T2,2026-06-03 14:09:45,14,Player,500,Banker,0.0,False
P07,momentum,P07-D3-S1,T2,2026-06-03 14:10:30,15,Player,500,Banker,0.0,False
P07,momentum,P07-D3-S1,T2,2026-06-03 14:11:15,16,Banker,500,Banker,475.0,True
P07,momentum,P07-D3-S1,T2,2026-06-03 14:12:00,17,Banker,700,Tie,0.0,False
P07,momentum,P07-D3-S1,T2,2026-06-03 14:12:45,18,Tie,500,Tie,4000.0,True
P07,momentum,P07-D3-S1,T2,2026-06-03 14:13:30,19,Banker,700,Banker,665.0,True
P07,momentum,P07-D3-S1,T2,2026-06-03 14:14:15,20,Banker,979,Banker,930.05,True
P07,momentum,P07-D3-S1,T2,2026-06-03 14:15:00,21,Banker,1370,Player,0.0,False
P07,momentum,P07-D3-S1,T2,2026-06-03 14:15:45,22,Banker,500,Player,0.0,False
P07,momentum,P07-D3-S1,T2,2026-06-03 14:16:30,23,Player,500,Player,500,True
P07,momentum,P07-D3-S1,T2,2026-06-03 14:17:15,24,Player,700,Player,700,True
P07,momentum,P07-D3-S1,T2,2026-06-03 14:18:00,25,Player,979,Banker,0.0,False
P07,momentum,P07-D3-S1,T2,2026-06-03 14:18:45,26,Player,500,Banker,0.0,False
P07,momentum,P07-D3-S1,T2,2026-06-03 14:19:30,27,Banker,500,Banker,475.0,True
P07,momentum,P07-D3-S1,T2,2026-06-03 14:20:15,28,Player,700,Player,700,True
P07,momentum,P07-D3-S1,T2,2026-06-03 14:21:00,29,Player,979,Banker,0.0,False
P07,momentum,P07-D3-S1,T2,2026-06-03 14:21:45,30,Banker,500,Banker,475.0,True
P07,momentum,P07-D3-S2,T2,2026-06-03 16:00:00,1,Player,700,Banker,0.0,False
P07,momentum,P07-D3-S2,T2,2026-06-03 16:00:45,2,Player,500,Banker,0.0,False
P07,momentum,P07-D3-S2,T2,2026-06-03 16:01:30,3,Banker,500,Banker,475.0,True
P07,momentum,P07-D3-S2,T2,2026-06-03 16:02:15,4,Banker,700,Banker,665.0,True
P07,momentum,P07-D3-S2,T2,2026-06-03 16:03:00,5,Banker,979,Banker,930.05,True
P07,momentum,P07-D3-S2,T2,2026-06-03 16:03:45,6,Banker,1370,Player,0.0,False
P07,momentum,P07-D3-S2,T2,2026-06-03 16:04:30,7,Player,500,Player,500,True
P07,momentum,P07-D3-S2,T2,2026-06-03 16:05:15,8,Player,700,Banker,0.0,False
P07,momentum,P07-D3-S2,T2,2026-06-03 16:06:00,9,Player,500,Banker,0.0,False
P07,momentum,P07-D3-S2,T2,2026-06-03 16:06:45,10,Banker,500,Player,0.0,False
P07,momentum,P07-D3-S2,T2,2026-06-03 16:07:30,11,Banker,500,Player,0.0,False
P07,momentum,P07-D3-S2,T2,2026-06-03 16:08:15,12,Tie,500,Player,0.0,False
P07,momentum,P07-D3-S2,T2,2026-06-03 16:09:00,13,Banker,500,Banker,475.0,True
P07,momentum,P07-D3-S2,T2,2026-06-03 16:09:45,14,Player,700,Banker,0.0,False
P07,momentum,P07-D3-S2,T2,2026-06-03 16:10:30,15,Tie,500,Banker,0.0,False
P07,momentum,P07-D3-S2,T2,2026-06-03 16:11:15,16,Player,500,Player,500,True
P07,momentum,P07-D3-S2,T2,2026-06-03 16:12:00,17,Banker,700,Player,0.0,False
P07,momentum,P07-D3-S2,T2,2026-06-03 16:12:45,18,Player,500,Banker,0.0,False
P07,momentum,P07-D3-S2,T2,2026-06-03 16:13:30,19,Banker,500,Banker,475.0,True
P07,momentum,P07-D3-S2,T2,2026-06-03 16:14:15,20,Banker,700,Player,0.0,False
P07,momentum,P07-D3-S2,T2,2026-06-03 16:15:00,21,Banker,500,Banker,475.0,True
P07,momentum,P07-D3-S2,T2,2026-06-03 16:15:45,22,Player,700,Player,700,True
P07,momentum,P07-D3-S2,T2,2026-06-03 16:16:30,23,Player,979,Banker,0.0,False
P07,momentum,P07-D3-S2,T2,2026-06-03 16:17:15,24,Banker,500,Tie,0.0,False
P07,momentum,P07-D3-S2,T2,2026-06-03 16:18:00,25,Banker,500,Tie,0.0,False
P07,momentum,P07-D3-S2,T2,2026-06-03 16:18:45,26,Player,500,Player,500,True
P07,momentum,P07-D3-S2,T2,2026-06-03 16:19:30,27,Player,700,Banker,0.0,False
P07,momentum,P07-D3-S2,T2,2026-06-03 16:20:15,28,Banker,500,Player,0.0,False
P07,momentum,P07-D3-S2,T2,2026-06-03 16:21:00,29,Banker,500,Tie,0.0,False
P07,momentum,P07-D3-S2,T2,2026-06-03 16:21:45,30,Banker,500,Tie,0.0,False
P08,fallacy,P08-D1-S1,T1,2026-06-01 18:00:00,1,Banker,500,Player,0.0,False
P08,fallacy,P08-D1-S1,T1,2026-06-01 18:00:45,2,Banker,500,Banker,475.0,True
P08,fallacy,P08-D1-S1,T1,2026-06-01 18:01:30,3,Banker,500,Banker,475.0,True
P08,fallacy,P08-D1-S1,T1,2026-06-01 18:02:15,4,Banker,500,Banker,475.0,True
P08,fallacy,P08-D1-S1,T1,2026-06-01 18:03:00,5,Banker,500,Tie,0.0,False
P08,fallacy,P08-D1-S1,T1,2026-06-01 18:03:45,6,Banker,500,Banker,475.0,True
P08,fallacy,P08-D1-S1,T1,2026-06-01 18:04:30,7,Banker,500,Banker,475.0,True
P08,fallacy,P08-D1-S1,T1,2026-06-01 18:05:15,8,Banker,500,Banker,475.0,True
P08,fallacy,P08-D1-S1,T1,2026-06-01 18:06:00,9,Banker,500,Player,0.0,False
P08,fallacy,P08-D1-S1,T1,2026-06-01 18:06:45,10,Banker,500,Player,0.0,False
P08,fallacy,P08-D1-S1,T1,2026-06-01 18:07:30,11,Banker,500,Player,0.0,False
P08,fallacy,P08-D1-S1,T1,2026-06-01 18:08:15,12,Banker,500,Player,0.0,False
P08,fallacy,P08-D1-S1,T1,2026-06-01 18:09:00,13,Banker,500,Player,0.0,False
P08,fallacy,P08-D1-S1,T1,2026-06-01 18:09:45,14,Banker,500,Player,0.0,False
P08,fallacy,P08-D1-S1,T1,2026-06-01 18:10:30,15,Banker,500,Banker,475.0,True
P08,fallacy,P08-D1-S1,T1,2026-06-01 18:11:15,16,Banker,500,Banker,475.0,True
P08,fallacy,P08-D1-S1,T1,2026-06-01 18:12:00,17,Banker,500,Banker,475.0,True
P08,fallacy,P08-D1-S1,T1,2026-06-01 18:12:45,18,Banker,500,Player,0.0,False
P08,fallacy,P08-D1-S1,T1,2026-06-01 18:13:30,19,Banker,500,Player,0.0,False
P08,fallacy,P08-D1-S1,T1,2026-06-01 18:14:15,20,Banker,500,Banker,475.0,True
P08,fallacy,P08-D1-S1,T1,2026-06-01 18:15:00,21,Banker,500,Tie,0.0,False
P08,fallacy,P08-D1-S1,T1,2026-06-01 18:15:45,22,Banker,500,Player,0.0,False
P08,fallacy,P08-D1-S1,T1,2026-06-01 18:16:30,23,Banker,500,Banker,475.0,True
P08,fallacy,P08-D1-S1,T1,2026-06-01 18:17:15,24,Banker,500,Banker,475.0,True
P08,fallacy,P08-D1-S1,T1,2026-06-01 18:18:00,25,Banker,500,Player,0.0,False
P08,fallacy,P08-D1-S1,T1,2026-06-01 18:18:45,26,Banker,500,Player,0.0,False
P08,fallacy,P08-D1-S1,T1,2026-06-01 18:19:30,27,Banker,500,Player,0.0,False
P08,fallacy,P08-D1-S1,T1,2026-06-01 18:20:15,28,Banker,500,Banker,475.0,True
P08,fallacy,P08-D1-S1,T1,2026-06-01 18:21:00,29,Banker,500,Player,0.0,False
P08,fallacy,P08-D1-S1,T1,2026-06-01 18:21:45,30,Banker,500,Banker,475.0,True
P08,fallacy,P08-D1-S2,T1,2026-06-01 20:00:00,1,Banker,500,Banker,475.0,True
P08,fallacy,P08-D1-S2,T1,2026-06-01 20:00:45,2,Banker,500,Banker,475.0,True
P08,fallacy,P08-D1-S2,T1,2026-06-01 20:01:30,3,Banker,500,Player,0.0,False
P08,fallacy,P08-D1-S2,T1,2026-06-01 20:02:15,4,Banker,500,Banker,475.0,True
P08,fallacy,P08-D1-S2,T1,2026-06-01 20:03:00,5,Banker,500,Player,0.0,False
P08,fallacy,P08-D1-S2,T1,2026-06-01 20:03:45,6,Banker,500,Banker,475.0,True
P08,fallacy,P08-D1-S2,T1,2026-06-01 20:04:30,7,Banker,500,Player,0.0,False
P08,fallacy,P08-D1-S2,T1,2026-06-01 20:05:15,8,Banker,500,Player,0.0,False
P08,fallacy,P08-D1-S2,T1,2026-06-01 20:06:00,9,Banker,500,Banker,475.0,True
P08,fallacy,P08-D1-S2,T1,2026-06-01 20:06:45,10,Banker,500,Player,0.0,False
P08,fallacy,P08-D1-S2,T1,2026-06-01 20:07:30,11,Banker,500,Banker,475.0,True
P08,fallacy,P08-D1-S2,T1,2026-06-01 20:08:15,12,Banker,500,Banker,475.0,True
P08,fallacy,P08-D1-S2,T1,2026-06-01 20:09:00,13,Banker,500,Banker,475.0,True
P08,fallacy,P08-D1-S2,T1,2026-06-01 20:09:45,14,Player,500,Banker,0.0,False
P08,fallacy,P08-D1-S2,T1,2026-06-01 20:10:30,15,Player,500,Player,500,True
P08,fallacy,P08-D1-S2,T1,2026-06-01 20:11:15,16,Player,500,Player,500,True
P08,fallacy,P08-D1-S2,T1,2026-06-01 20:12:00,17,Player,500,Player,500,True
P08,fallacy,P08-D1-S2,T1,2026-06-01 20:12:45,18,Banker,500,Player,0.0,False
P08,fallacy,P08-D1-S2,T1,2026-06-01 20:13:30,19,Banker,500,Tie,0.0,False
P08,fallacy,P08-D1-S2,T1,2026-06-01 20:14:15,20,Banker,500,Player,0.0,False
P08,fallacy,P08-D1-S2,T1,2026-06-01 20:15:00,21,Banker,500,Tie,0.0,False
P08,fallacy,P08-D1-S2,T1,2026-06-01 20:15:45,22,Banker,500,Banker,475.0,True
P08,fallacy,P08-D1-S2,T1,2026-06-01 20:16:30,23,Banker,500,Tie,0.0,False
P08,fallacy,P08-D1-S2,T1,2026-06-01 20:17:15,24,Banker,500,Tie,0.0,False
P08,fallacy,P08-D1-S2,T1,2026-06-01 20:18:00,25,Banker,500,Banker,475.0,True
P08,fallacy,P08-D1-S2,T1,2026-06-01 20:18:45,26,Banker,500,Banker,475.0,True
P08,fallacy,P08-D1-S2,T1,2026-06-01 20:19:30,27,Banker,500,Banker,475.0,True
P08,fallacy,P08-D1-S2,T1,2026-06-01 20:20:15,28,Banker,500,Player,0.0,False
P08,fallacy,P08-D1-S2,T1,2026-06-01 20:21:00,29,Banker,500,Banker,475.0,True
P08,fallacy,P08-D1-S2,T1,2026-06-01 20:21:45,30,Banker,500,Player,0.0,False
P08,fallacy,P08-D2-S1,T1,2026-06-02 18:00:00,1,Banker,500,Player,0.0,False
P08,fallacy,P08-D2-S1,T1,2026-06-02 18:00:45,2,Banker,500,Banker,475.0,True
P08,fallacy,P08-D2-S1,T1,2026-06-02 18:01:30,3,Banker,500,Player,0.0,False
P08,fallacy,P08-D2-S1,T1,2026-06-02 18:02:15,4,Banker,500,Banker,475.0,True
P08,fallacy,P08-D2-S1,T1,2026-06-02 18:03:00,5,Banker,500,Tie,0.0,False
P08,fallacy,P08-D2-S1,T1,2026-06-02 18:03:45,6,Banker,500,Player,0.0,False
P08,fallacy,P08-D2-S1,T1,2026-06-02 18:04:30,7,Banker,500,Player,0.0,False
P08,fallacy,P08-D2-S1,T1,2026-06-02 18:05:15,8,Banker,500,Tie,0.0,False
P08,fallacy,P08-D2-S1,T1,2026-06-02 18:06:00,9,Banker,500,Player,0.0,False
P08,fallacy,P08-D2-S1,T1,2026-06-02 18:06:45,10,Banker,500,Banker,475.0,True
P08,fallacy,P08-D2-S1,T1,2026-06-02 18:07:30,11,Banker,500,Banker,475.0,True
P08,fallacy,P08-D2-S1,T1,2026-06-02 18:08:15,12,Banker,500,Banker,475.0,True
P08,fallacy,P08-D2-S1,T1,2026-06-02 18:09:00,13,Banker,500,Player,0.0,False
P08,fallacy,P08-D2-S1,T1,2026-06-02 18:09:45,14,Banker,500,Banker,475.0,True
P08,fallacy,P08-D2-S1,T1,2026-06-02 18:10:30,15,Banker,500,Player,0.0,False
P08,fallacy,P08-D2-S1,T1,2026-06-02 18:11:15,16,Banker,500,Banker,475.0,True
P08,fallacy,P08-D2-S1,T1,2026-06-02 18:12:00,17,Banker,500,Player,0.0,False
P08,fallacy,P08-D2-S1,T1,2026-06-02 18:12:45,18,Banker,500,Player,0.0,False
P08,fallacy,P08-D2-S1,T1,2026-06-02 18:13:30,19,Banker,500,Banker,475.0,True
P08,fallacy,P08-D2-S1,T1,2026-06-02 18:14:15,20,Banker,500,Banker,475.0,True
P08,fallacy,P08-D2-S1,T1,2026-06-02 18:15:00,21,Banker,500,Player,0.0,False
P08,fallacy,P08-D2-S1,T1,2026-06-02 18:15:45,22,Banker,500,Player,0.0,False
P08,fallacy,P08-D2-S1,T1,2026-06-02 18:16:30,23,Banker,500,Banker,475.0,True
P08,fallacy,P08-D2-S1,T1,2026-06-02 18:17:15,24,Banker,500,Banker,475.0,True
P08,fallacy,P08-D2-S1,T1,2026-06-02 18:18:00,25,Banker,500,Player,0.0,False
P08,fallacy,P08-D2-S1,T1,2026-06-02 18:18:45,26,Banker,500,Banker,475.0,True
P08,fallacy,P08-D2-S1,T1,2026-06-02 18:19:30,27,Banker,500,Banker,475.0,True
P08,fallacy,P08-D2-S1,T1,2026-06-02 18:20:15,28,Banker,500,Player,0.0,False
P08,fallacy,P08-D2-S1,T1,2026-06-02 18:21:00,29,Banker,500,Banker,475.0,True
P08,fallacy,P08-D2-S1,T1,2026-06-02 18:21:45,30,Banker,500,Banker,475.0,True
P08,fallacy,P08-D2-S2,T1,2026-06-02 20:00:00,1,Banker,500,Player,0.0,False
P08,fallacy,P08-D2-S2,T1,2026-06-02 20:00:45,2,Banker,500,Player,0.0,False
P08,fallacy,P08-D2-S2,T1,2026-06-02 20:01:30,3,Banker,500,Player,0.0,False
P08,fallacy,P08-D2-S2,T1,2026-06-02 20:02:15,4,Banker,500,Banker,475.0,True
P08,fallacy,P08-D2-S2,T1,2026-06-02 20:03:00,5,Banker,500,Banker,475.0,True
P08,fallacy,P08-D2-S2,T1,2026-06-02 20:03:45,6,Banker,500,Tie,0.0,False
P08,fallacy,P08-D2-S2,T1,2026-06-02 20:04:30,7,Banker,500,Player,0.0,False
P08,fallacy,P08-D2-S2,T1,2026-06-02 20:05:15,8,Banker,500,Banker,475.0,True
P08,fallacy,P08-D2-S2,T1,2026-06-02 20:06:00,9,Banker,500,Player,0.0,False
P08,fallacy,P08-D2-S2,T1,2026-06-02 20:06:45,10,Banker,500,Player,0.0,False
P08,fallacy,P08-D2-S2,T1,2026-06-02 20:07:30,11,Banker,500,Banker,475.0,True
P08,fallacy,P08-D2-S2,T1,2026-06-02 20:08:15,12,Banker,500,Player,0.0,False
P08,fallacy,P08-D2-S2,T1,2026-06-02 20:09:00,13,Banker,500,Player,0.0,False
P08,fallacy,P08-D2-S2,T1,2026-06-02 20:09:45,14,Banker,500,Player,0.0,False
P08,fallacy,P08-D2-S2,T1,2026-06-02 20:10:30,15,Banker,500,Player,0.0,False
P08,fallacy,P08-D2-S2,T1,2026-06-02 20:11:15,16,Banker,500,Banker,475.0,True
P08,fallacy,P08-D2-S2,T1,2026-06-02 20:12:00,17,Banker,500,Player,0.0,False
P08,fallacy,P08-D2-S2,T1,2026-06-02 20:12:45,18,Banker,500,Player,0.0,False
P08,fallacy,P08-D2-S2,T1,2026-06-02 20:13:30,19,Banker,500,Banker,475.0,True
P08,fallacy,P08-D2-S2,T1,2026-06-02 20:14:15,20,Banker,500,Player,0.0,False
P08,fallacy,P08-D2-S2,T1,2026-06-02 20:15:00,21,Banker,500,Banker,475.0,True
P08,fallacy,P08-D2-S2,T1,2026-06-02 20:15:45,22,Banker,500,Banker,475.0,True
P08,fallacy,P08-D2-S2,T1,2026-06-02 20:16:30,23,Banker,500,Banker,475.0,True
P08,fallacy,P08-D2-S2,T1,2026-06-02 20:17:15,24,Banker,500,Player,0.0,False
P08,fallacy,P08-D2-S2,T1,2026-06-02 20:18:00,25,Banker,500,Player,0.0,False
P08,fallacy,P08-D2-S2,T1,2026-06-02 20:18:45,26,Banker,500,Player,0.0,False
P08,fallacy,P08-D2-S2,T1,2026-06-02 20:19:30,27,Banker,500,Player,0.0,False
P08,fallacy,P08-D2-S2,T1,2026-06-02 20:20:15,28,Banker,500,Player,0.0,False
P08,fallacy,P08-D2-S2,T1,2026-06-02 20:21:00,29,Banker,500,Banker,475.0,True
P08,fallacy,P08-D2-S2,T1,2026-06-02 20:21:45,30,Banker,500,Banker,475.0,True
P08,fallacy,P08-D3-S1,T1,2026-06-03 18:00:00,1,Banker,500,Player,0.0,False
P08,fallacy,P08-D3-S1,T1,2026-06-03 18:00:45,2,Banker,500,Player,0.0,False
P08,fallacy,P08-D3-S1,T1,2026-06-03 18:01:30,3,Banker,500,Player,0.0,False
P08,fallacy,P08-D3-S1,T1,2026-06-03 18:02:15,4,Banker,500,Banker,475.0,True
P08,fallacy,P08-D3-S1,T1,2026-06-03 18:03:00,5,Banker,500,Player,0.0,False
P08,fallacy,P08-D3-S1,T1,2026-06-03 18:03:45,6,Banker,500,Banker,475.0,True
P08,fallacy,P08-D3-S1,T1,2026-06-03 18:04:30,7,Banker,500,Banker,475.0,True
P08,fallacy,P08-D3-S1,T1,2026-06-03 18:05:15,8,Banker,500,Banker,475.0,True
P08,fallacy,P08-D3-S1,T1,2026-06-03 18:06:00,9,Player,500,Banker,0.0,False
P08,fallacy,P08-D3-S1,T1,2026-06-03 18:06:45,10,Player,500,Player,500,True
P08,fallacy,P08-D3-S1,T1,2026-06-03 18:07:30,11,Player,500,Tie,0.0,False
P08,fallacy,P08-D3-S1,T1,2026-06-03 18:08:15,12,Player,500,Player,500,True
P08,fallacy,P08-D3-S1,T1,2026-06-03 18:09:00,13,Player,500,Player,500,True
P08,fallacy,P08-D3-S1,T1,2026-06-03 18:09:45,14,Player,500,Player,500,True
P08,fallacy,P08-D3-S1,T1,2026-06-03 18:10:30,15,Player,500,Banker,0.0,False
P08,fallacy,P08-D3-S1,T1,2026-06-03 18:11:15,16,Player,500,Banker,0.0,False
P08,fallacy,P08-D3-S1,T1,2026-06-03 18:12:00,17,Player,500,Banker,0.0,False
P08,fallacy,P08-D3-S1,T1,2026-06-03 18:12:45,18,Player,500,Player,500,True
P08,fallacy,P08-D3-S1,T1,2026-06-03 18:13:30,19,Player,500,Banker,0.0,False
P08,fallacy,P08-D3-S1,T1,2026-06-03 18:14:15,20,Player,500,Player,500,True
P08,fallacy,P08-D3-S1,T1,2026-06-03 18:15:00,21,Player,500,Player,500,True
P08,fallacy,P08-D3-S1,T1,2026-06-03 18:15:45,22,Player,500,Banker,0.0,False
P08,fallacy,P08-D3-S1,T1,2026-06-03 18:16:30,23,Player,500,Banker,0.0,False
P08,fallacy,P08-D3-S1,T1,2026-06-03 18:17:15,24,Player,500,Banker,0.0,False
P08,fallacy,P08-D3-S1,T1,2026-06-03 18:18:00,25,Player,500,Banker,0.0,False
P08,fallacy,P08-D3-S1,T1,2026-06-03 18:18:45,26,Player,500,Banker,0.0,False
P08,fallacy,P08-D3-S1,T1,2026-06-03 18:19:30,27,Player,500,Player,500,True
P08,fallacy,P08-D3-S1,T1,2026-06-03 18:20:15,28,Player,500,Banker,0.0,False
P08,fallacy,P08-D3-S1,T1,2026-06-03 18:21:00,29,Player,500,Banker,0.0,False
P08,fallacy,P08-D3-S1,T1,2026-06-03 18:21:45,30,Player,500,Player,500,True
P08,fallacy,P08-D3-S2,T1,2026-06-03 20:00:00,1,Player,500,Player,500,True
P08,fallacy,P08-D3-S2,T1,2026-06-03 20:00:45,2,Player,500,Player,500,True
P08,fallacy,P08-D3-S2,T1,2026-06-03 20:01:30,3,Banker,500,Player,0.0,False
P08,fallacy,P08-D3-S2,T1,2026-06-03 20:02:15,4,Banker,500,Banker,475.0,True
P08,fallacy,P08-D3-S2,T1,2026-06-03 20:03:00,5,Banker,500,Banker,475.0,True
P08,fallacy,P08-D3-S2,T1,2026-06-03 20:03:45,6,Banker,500,Player,0.0,False
P08,fallacy,P08-D3-S2,T1,2026-06-03 20:04:30,7,Banker,500,Banker,475.0,True
P08,fallacy,P08-D3-S2,T1,2026-06-03 20:05:15,8,Banker,500,Banker,475.0,True
P08,fallacy,P08-D3-S2,T1,2026-06-03 20:06:00,9,Banker,500,Banker,475.0,True
P08,fallacy,P08-D3-S2,T1,2026-06-03 20:06:45,10,Player,500,Banker,0.0,False
P08,fallacy,P08-D3-S2,T1,2026-06-03 20:07:30,11,Player,500,Banker,0.0,False
P08,fallacy,P08-D3-S2,T1,2026-06-03 20:08:15,12,Player,500,Player,500,True
P08,fallacy,P08-D3-S2,T1,2026-06-03 20:09:00,13,Player,500,Banker,0.0,False
P08,fallacy,P08-D3-S2,T1,2026-06-03 20:09:45,14,Player,500,Banker,0.0,False
P08,fallacy,P08-D3-S2,T1,2026-06-03 20:10:30,15,Player,500,Tie,0.0,False
P08,fallacy,P08-D3-S2,T1,2026-06-03 20:11:15,16,Player,500,Tie,0.0,False
P08,fallacy,P08-D3-S2,T1,2026-06-03 20:12:00,17,Player,500,Banker,0.0,False
P08,fallacy,P08-D3-S2,T1,2026-06-03 20:12:45,18,Player,500,Tie,0.0,False
P08,fallacy,P08-D3-S2,T1,2026-06-03 20:13:30,19,Player,500,Player,500,True
P08,fallacy,P08-D3-S2,T1,2026-06-03 20:14:15,20,Player,500,Player,500,True
P08,fallacy,P08-D3-S2,T1,2026-06-03 20:15:00,21,Player,500,Banker,0.0,False
P08,fallacy,P08-D3-S2,T1,2026-06-03 20:15:45,22,Player,500,Player,500,True
P08,fallacy,P08-D3-S2,T1,2026-06-03 20:16:30,23,Player,500,Player,500,True
P08,fallacy,P08-D3-S2,T1,2026-06-03 20:17:15,24,Player,500,Banker,0.0,False
P08,fallacy,P08-D3-S2,T1,2026-06-03 20:18:00,25,Player,500,Banker,0.0,False
P08,fallacy,P08-D3-S2,T1,2026-06-03 20:18:45,26,Player,500,Banker,0.0,False
P08,fallacy,P08-D3-S2,T1,2026-06-03 20:19:30,27,Player,500,Tie,0.0,False
P08,fallacy,P08-D3-S2,T1,2026-06-03 20:20:15,28,Player,500,Banker,0.0,False
P08,fallacy,P08-D3-S2,T1,2026-06-03 20:21:00,29,Player,500,Player,500,True
P08,fallacy,P08-D3-S2,T1,2026-06-03 20:21:45,30,Player,500,Tie,0.0,False
P09,volatile,P09-D1-S1,T2,2026-06-01 20:16:00,1,Banker,200,Player,0.0,False
P09,volatile,P09-D1-S1,T2,2026-06-01 20:16:45,2,Player,800,Banker,0.0,False
P09,volatile,P09-D1-S1,T2,2026-06-01 20:17:30,3,Banker,700,Banker,665.0,True
P09,volatile,P09-D1-S1,T2,2026-06-01 20:18:15,4,Player,1000,Banker,0.0,False
P09,volatile,P09-D1-S1,T2,2026-06-01 20:19:00,5,Banker,400,Player,0.0,False
P09,volatile,P09-D1-S1,T2,2026-06-01 20:19:45,6,Banker,200,Banker,190.0,True
P09,volatile,P09-D1-S1,T2,2026-06-01 20:20:30,7,Banker,700,Player,0.0,False
P09,volatile,P09-D1-S1,T2,2026-06-01 20:21:15,8,Player,500,Player,500,True
P09,volatile,P09-D1-S1,T2,2026-06-01 20:22:00,9,Player,300,Banker,0.0,False
P09,volatile,P09-D1-S1,T2,2026-06-01 20:22:45,10,Banker,300,Banker,285.0,True
P09,volatile,P09-D1-S1,T2,2026-06-01 20:23:30,11,Banker,800,Banker,760.0,True
P09,volatile,P09-D1-S1,T2,2026-06-01 20:24:15,12,Player,1000,Banker,0.0,False
P09,volatile,P09-D1-S1,T2,2026-06-01 20:25:00,13,Player,200,Banker,0.0,False
P09,volatile,P09-D1-S1,T2,2026-06-01 20:25:45,14,Banker,900,Banker,855.0,True
P09,volatile,P09-D1-S1,T2,2026-06-01 20:26:30,15,Player,400,Banker,0.0,False
P09,volatile,P09-D1-S1,T2,2026-06-01 20:27:15,16,Player,900,Player,900,True
P09,volatile,P09-D1-S1,T2,2026-06-01 20:28:00,17,Player,800,Banker,0.0,False
P09,volatile,P09-D1-S1,T2,2026-06-01 20:28:45,18,Banker,500,Player,0.0,False
P09,volatile,P09-D1-S1,T2,2026-06-01 20:29:30,19,Player,100,Banker,0.0,False
P09,volatile,P09-D1-S1,T2,2026-06-01 20:30:15,20,Player,1000,Player,1000,True
P09,volatile,P09-D1-S1,T2,2026-06-01 20:31:00,21,Player,200,Player,200,True
P09,volatile,P09-D1-S1,T2,2026-06-01 20:31:45,22,Banker,300,Tie,0.0,False
P09,volatile,P09-D1-S1,T2,2026-06-01 20:32:30,23,Player,300,Tie,0.0,False
P09,volatile,P09-D1-S1,T2,2026-06-01 20:33:15,24,Banker,700,Banker,665.0,True
P09,volatile,P09-D1-S1,T2,2026-06-01 20:34:00,25,Player,300,Banker,0.0,False
P09,volatile,P09-D1-S1,T2,2026-06-01 20:34:45,26,Banker,200,Player,0.0,False
P09,volatile,P09-D1-S1,T2,2026-06-01 20:35:30,27,Player,900,Banker,0.0,False
P09,volatile,P09-D1-S1,T2,2026-06-01 20:36:15,28,Banker,800,Banker,760.0,True
P09,volatile,P09-D1-S1,T2,2026-06-01 20:37:00,29,Banker,1000,Tie,0.0,False
P09,volatile,P09-D1-S1,T2,2026-06-01 20:37:45,30,Player,200,Player,200,True
P09,volatile,P09-D1-S2,T2,2026-06-01 18:09:00,1,Player,200,Banker,0.0,False
P09,volatile,P09-D1-S2,T2,2026-06-01 18:09:45,2,Player,200,Tie,0.0,False
P09,volatile,P09-D1-S2,T2,2026-06-01 18:10:30,3,Player,600,Player,600,True
P09,volatile,P09-D1-S2,T2,2026-06-01 18:11:15,4,Banker,800,Player,0.0,False
P09,volatile,P09-D1-S2,T2,2026-06-01 18:12:00,5,Banker,300,Player,0.0,False
P09,volatile,P09-D1-S2,T2,2026-06-01 18:12:45,6,Banker,1000,Banker,950.0,True
P09,volatile,P09-D1-S2,T2,2026-06-01 18:13:30,7,Banker,700,Player,0.0,False
P09,volatile,P09-D1-S2,T2,2026-06-01 18:14:15,8,Banker,400,Player,0.0,False
P09,volatile,P09-D1-S2,T2,2026-06-01 18:15:00,9,Banker,500,Banker,475.0,True
P09,volatile,P09-D1-S2,T2,2026-06-01 18:15:45,10,Banker,500,Player,0.0,False
P09,volatile,P09-D1-S2,T2,2026-06-01 18:16:30,11,Player,200,Banker,0.0,False
P09,volatile,P09-D1-S2,T2,2026-06-01 18:17:15,12,Banker,500,Tie,0.0,False
P09,volatile,P09-D1-S2,T2,2026-06-01 18:18:00,13,Banker,600,Tie,0.0,False
P09,volatile,P09-D1-S2,T2,2026-06-01 18:18:45,14,Banker,200,Banker,190.0,True
P09,volatile,P09-D1-S2,T2,2026-06-01 18:19:30,15,Banker,700,Banker,665.0,True
P09,volatile,P09-D1-S2,T2,2026-06-01 18:20:15,16,Player,600,Player,600,True
P09,volatile,P09-D1-S2,T2,2026-06-01 18:21:00,17,Player,300,Player,300,True
P09,volatile,P09-D1-S2,T2,2026-06-01 18:21:45,18,Player,700,Banker,0.0,False
P09,volatile,P09-D1-S2,T2,2026-06-01 18:22:30,19,Player,1000,Banker,0.0,False
P09,volatile,P09-D1-S2,T2,2026-06-01 18:23:15,20,Banker,400,Banker,380.0,True
P09,volatile,P09-D1-S2,T2,2026-06-01 18:24:00,21,Banker,800,Player,0.0,False
P09,volatile,P09-D1-S2,T2,2026-06-01 18:24:45,22,Banker,400,Banker,380.0,True
P09,volatile,P09-D1-S2,T2,2026-06-01 18:25:30,23,Player,900,Banker,0.0,False
P09,volatile,P09-D1-S2,T2,2026-06-01 18:26:15,24,Player,100,Banker,0.0,False
P09,volatile,P09-D1-S2,T2,2026-06-01 18:27:00,25,Banker,800,Banker,760.0,True
P09,volatile,P09-D1-S2,T2,2026-06-01 18:27:45,26,Player,1000,Banker,0.0,False
P09,volatile,P09-D1-S2,T2,2026-06-01 18:28:30,27,Banker,500,Player,0.0,False
P09,volatile,P09-D1-S2,T2,2026-06-01 18:29:15,28,Player,500,Player,500,True
P09,volatile,P09-D1-S2,T2,2026-06-01 18:30:00,29,Banker,1000,Banker,950.0,True
P09,volatile,P09-D1-S2,T2,2026-06-01 18:30:45,30,Banker,400,Player,0.0,False
P09,volatile,P09-D2-S1,T2,2026-06-02 22:14:00,1,Banker,700,Player,0.0,False
P09,volatile,P09-D2-S1,T2,2026-06-02 22:14:45,2,Player,100,Player,100,True
P09,volatile,P09-D2-S1,T2,2026-06-02 22:15:30,3,Banker,300,Player,0.0,False
P09,volatile,P09-D2-S1,T2,2026-06-02 22:16:15,4,Banker,500,Player,0.0,False
P09,volatile,P09-D2-S1,T2,2026-06-02 22:17:00,5,Player,500,Player,500,True
P09,volatile,P09-D2-S1,T2,2026-06-02 22:17:45,6,Banker,600,Banker,570.0,True
P09,volatile,P09-D2-S1,T2,2026-06-02 22:18:30,7,Banker,500,Player,0.0,False
P09,volatile,P09-D2-S1,T2,2026-06-02 22:19:15,8,Player,700,Player,700,True
P09,volatile,P09-D2-S1,T2,2026-06-02 22:20:00,9,Banker,600,Player,0.0,False
P09,volatile,P09-D2-S1,T2,2026-06-02 22:20:45,10,Player,500,Player,500,True
P09,volatile,P09-D2-S1,T2,2026-06-02 22:21:30,11,Banker,200,Banker,190.0,True
P09,volatile,P09-D2-S1,T2,2026-06-02 22:22:15,12,Banker,600,Banker,570.0,True
P09,volatile,P09-D2-S1,T2,2026-06-02 22:23:00,13,Banker,500,Player,0.0,False
P09,volatile,P09-D2-S1,T2,2026-06-02 22:23:45,14,Player,400,Banker,0.0,False
P09,volatile,P09-D2-S1,T2,2026-06-02 22:24:30,15,Player,1000,Player,1000,True
P09,volatile,P09-D2-S1,T2,2026-06-02 22:25:15,16,Banker,300,Banker,285.0,True
P09,volatile,P09-D2-S1,T2,2026-06-02 22:26:00,17,Player,500,Player,500,True
P09,volatile,P09-D2-S1,T2,2026-06-02 22:26:45,18,Banker,700,Banker,665.0,True
P09,volatile,P09-D2-S1,T2,2026-06-02 22:27:30,19,Player,1000,Player,1000,True
P09,volatile,P09-D2-S1,T2,2026-06-02 22:28:15,20,Banker,400,Player,0.0,False
P09,volatile,P09-D2-S1,T2,2026-06-02 22:29:00,21,Player,800,Player,800,True
P09,volatile,P09-D2-S1,T2,2026-06-02 22:29:45,22,Player,900,Tie,0.0,False
P09,volatile,P09-D2-S1,T2,2026-06-02 22:30:30,23,Banker,900,Banker,855.0,True
P09,volatile,P09-D2-S1,T2,2026-06-02 22:31:15,24,Banker,300,Banker,285.0,True
P09,volatile,P09-D2-S1,T2,2026-06-02 22:32:00,25,Player,900,Player,900,True
P09,volatile,P09-D2-S1,T2,2026-06-02 22:32:45,26,Banker,600,Player,0.0,False
P09,volatile,P09-D2-S1,T2,2026-06-02 22:33:30,27,Banker,400,Player,0.0,False
P09,volatile,P09-D2-S1,T2,2026-06-02 22:34:15,28,Banker,600,Player,0.0,False
P09,volatile,P09-D2-S1,T2,2026-06-02 22:35:00,29,Player,800,Banker,0.0,False
P09,volatile,P09-D2-S1,T2,2026-06-02 22:35:45,30,Banker,1000,Player,0.0,False
P09,volatile,P09-D2-S2,T2,2026-06-02 21:39:00,1,Player,900,Banker,0.0,False
P09,volatile,P09-D2-S2,T2,2026-06-02 21:39:45,2,Player,900,Banker,0.0,False
P09,volatile,P09-D2-S2,T2,2026-06-02 21:40:30,3,Banker,300,Banker,285.0,True
P09,volatile,P09-D2-S2,T2,2026-06-02 21:41:15,4,Banker,700,Banker,665.0,True
P09,volatile,P09-D2-S2,T2,2026-06-02 21:42:00,5,Player,800,Tie,0.0,False
P09,volatile,P09-D2-S2,T2,2026-06-02 21:42:45,6,Player,300,Banker,0.0,False
P09,volatile,P09-D2-S2,T2,2026-06-02 21:43:30,7,Banker,300,Player,0.0,False
P09,volatile,P09-D2-S2,T2,2026-06-02 21:44:15,8,Banker,800,Banker,760.0,True
P09,volatile,P09-D2-S2,T2,2026-06-02 21:45:00,9,Player,300,Banker,0.0,False
P09,volatile,P09-D2-S2,T2,2026-06-02 21:45:45,10,Banker,200,Player,0.0,False
P09,volatile,P09-D2-S2,T2,2026-06-02 21:46:30,11,Banker,700,Banker,665.0,True
P09,volatile,P09-D2-S2,T2,2026-06-02 21:47:15,12,Tie,700,Banker,0.0,False
P09,volatile,P09-D2-S2,T2,2026-06-02 21:48:00,13,Player,600,Banker,0.0,False
P09,volatile,P09-D2-S2,T2,2026-06-02 21:48:45,14,Player,900,Tie,0.0,False
P09,volatile,P09-D2-S2,T2,2026-06-02 21:49:30,15,Player,400,Banker,0.0,False
P09,volatile,P09-D2-S2,T2,2026-06-02 21:50:15,16,Player,500,Banker,0.0,False
P09,volatile,P09-D2-S2,T2,2026-06-02 21:51:00,17,Banker,1000,Banker,950.0,True
P09,volatile,P09-D2-S2,T2,2026-06-02 21:51:45,18,Banker,100,Banker,95.0,True
P09,volatile,P09-D2-S2,T2,2026-06-02 21:52:30,19,Banker,900,Banker,855.0,True
P09,volatile,P09-D2-S2,T2,2026-06-02 21:53:15,20,Banker,300,Player,0.0,False
P09,volatile,P09-D2-S2,T2,2026-06-02 21:54:00,21,Player,600,Banker,0.0,False
P09,volatile,P09-D2-S2,T2,2026-06-02 21:54:45,22,Banker,700,Player,0.0,False
P09,volatile,P09-D2-S2,T2,2026-06-02 21:55:30,23,Banker,300,Banker,285.0,True
P09,volatile,P09-D2-S2,T2,2026-06-02 21:56:15,24,Banker,900,Banker,855.0,True
P09,volatile,P09-D2-S2,T2,2026-06-02 21:57:00,25,Banker,100,Banker,95.0,True
P09,volatile,P09-D2-S2,T2,2026-06-02 21:57:45,26,Player,900,Banker,0.0,False
P09,volatile,P09-D2-S2,T2,2026-06-02 21:58:30,27,Player,100,Player,100,True
P09,volatile,P09-D2-S2,T2,2026-06-02 21:59:15,28,Player,100,Player,100,True
P09,volatile,P09-D2-S2,T2,2026-06-02 22:00:00,29,Banker,800,Banker,760.0,True
P09,volatile,P09-D2-S2,T2,2026-06-02 22:00:45,30,Player,800,Banker,0.0,False
P09,volatile,P09-D3-S1,T2,2026-06-03 23:09:00,1,Player,100,Banker,0.0,False
P09,volatile,P09-D3-S1,T2,2026-06-03 23:09:45,2,Player,900,Banker,0.0,False
P09,volatile,P09-D3-S1,T2,2026-06-03 23:10:30,3,Player,300,Banker,0.0,False
P09,volatile,P09-D3-S1,T2,2026-06-03 23:11:15,4,Player,900,Banker,0.0,False
P09,volatile,P09-D3-S1,T2,2026-06-03 23:12:00,5,Banker,200,Player,0.0,False
P09,volatile,P09-D3-S1,T2,2026-06-03 23:12:45,6,Banker,1000,Player,0.0,False
P09,volatile,P09-D3-S1,T2,2026-06-03 23:13:30,7,Banker,900,Banker,855.0,True
P09,volatile,P09-D3-S1,T2,2026-06-03 23:14:15,8,Banker,700,Tie,0.0,False
P09,volatile,P09-D3-S1,T2,2026-06-03 23:15:00,9,Banker,800,Banker,760.0,True
P09,volatile,P09-D3-S1,T2,2026-06-03 23:15:45,10,Player,800,Tie,0.0,False
P09,volatile,P09-D3-S1,T2,2026-06-03 23:16:30,11,Banker,200,Banker,190.0,True
P09,volatile,P09-D3-S1,T2,2026-06-03 23:17:15,12,Player,800,Tie,0.0,False
P09,volatile,P09-D3-S1,T2,2026-06-03 23:18:00,13,Banker,900,Banker,855.0,True
P09,volatile,P09-D3-S1,T2,2026-06-03 23:18:45,14,Player,500,Banker,0.0,False
P09,volatile,P09-D3-S1,T2,2026-06-03 23:19:30,15,Banker,500,Player,0.0,False
P09,volatile,P09-D3-S1,T2,2026-06-03 23:20:15,16,Banker,300,Banker,285.0,True
P09,volatile,P09-D3-S1,T2,2026-06-03 23:21:00,17,Player,600,Player,600,True
P09,volatile,P09-D3-S1,T2,2026-06-03 23:21:45,18,Banker,200,Player,0.0,False
P09,volatile,P09-D3-S1,T2,2026-06-03 23:22:30,19,Player,100,Banker,0.0,False
P09,volatile,P09-D3-S1,T2,2026-06-03 23:23:15,20,Banker,300,Banker,285.0,True
P09,volatile,P09-D3-S1,T2,2026-06-03 23:24:00,21,Player,1000,Banker,0.0,False
P09,volatile,P09-D3-S1,T2,2026-06-03 23:24:45,22,Player,600,Banker,0.0,False
P09,volatile,P09-D3-S1,T2,2026-06-03 23:25:30,23,Banker,700,Player,0.0,False
P09,volatile,P09-D3-S1,T2,2026-06-03 23:26:15,24,Banker,700,Banker,665.0,True
P09,volatile,P09-D3-S1,T2,2026-06-03 23:27:00,25,Banker,700,Player,0.0,False
P09,volatile,P09-D3-S1,T2,2026-06-03 23:27:45,26,Player,200,Player,200,True
P09,volatile,P09-D3-S1,T2,2026-06-03 23:28:30,27,Player,300,Banker,0.0,False
P09,volatile,P09-D3-S1,T2,2026-06-03 23:29:15,28,Player,800,Banker,0.0,False
P09,volatile,P09-D3-S1,T2,2026-06-03 23:30:00,29,Player,300,Player,300,True
P09,volatile,P09-D3-S1,T2,2026-06-03 23:30:45,30,Player,1000,Player,1000,True
P09,volatile,P09-D3-S2,T2,2026-06-03 12:55:00,1,Player,300,Player,300,True
P09,volatile,P09-D3-S2,T2,2026-06-03 12:55:45,2,Banker,700,Player,0.0,False
P09,volatile,P09-D3-S2,T2,2026-06-03 12:56:30,3,Banker,600,Banker,570.0,True
P09,volatile,P09-D3-S2,T2,2026-06-03 12:57:15,4,Player,900,Banker,0.0,False
P09,volatile,P09-D3-S2,T2,2026-06-03 12:58:00,5,Player,1000,Player,1000,True
P09,volatile,P09-D3-S2,T2,2026-06-03 12:58:45,6,Tie,600,Banker,0.0,False
P09,volatile,P09-D3-S2,T2,2026-06-03 12:59:30,7,Player,1000,Player,1000,True
P09,volatile,P09-D3-S2,T2,2026-06-03 13:00:15,8,Player,400,Banker,0.0,False
P09,volatile,P09-D3-S2,T2,2026-06-03 13:01:00,9,Player,700,Player,700,True
P09,volatile,P09-D3-S2,T2,2026-06-03 13:01:45,10,Player,1000,Banker,0.0,False
P09,volatile,P09-D3-S2,T2,2026-06-03 13:02:30,11,Player,300,Banker,0.0,False
P09,volatile,P09-D3-S2,T2,2026-06-03 13:03:15,12,Banker,800,Player,0.0,False
P09,volatile,P09-D3-S2,T2,2026-06-03 13:04:00,13,Banker,800,Player,0.0,False
P09,volatile,P09-D3-S2,T2,2026-06-03 13:04:45,14,Banker,500,Banker,475.0,True
P09,volatile,P09-D3-S2,T2,2026-06-03 13:05:30,15,Banker,700,Banker,665.0,True
P09,volatile,P09-D3-S2,T2,2026-06-03 13:06:15,16,Banker,800,Banker,760.0,True
P09,volatile,P09-D3-S2,T2,2026-06-03 13:07:00,17,Player,200,Banker,0.0,False
P09,volatile,P09-D3-S2,T2,2026-06-03 13:07:45,18,Banker,200,Player,0.0,False
P09,volatile,P09-D3-S2,T2,2026-06-03 13:08:30,19,Player,100,Tie,0.0,False
P09,volatile,P09-D3-S2,T2,2026-06-03 13:09:15,20,Banker,900,Banker,855.0,True
P09,volatile,P09-D3-S2,T2,2026-06-03 13:10:00,21,Player,1000,Player,1000,True
P09,volatile,P09-D3-S2,T2,2026-06-03 13:10:45,22,Player,900,Tie,0.0,False
P09,volatile,P09-D3-S2,T2,2026-06-03 13:11:30,23,Player,800,Player,800,True
P09,volatile,P09-D3-S2,T2,2026-06-03 13:12:15,24,Banker,100,Tie,0.0,False
P09,volatile,P09-D3-S2,T2,2026-06-03 13:13:00,25,Player,600,Player,600,True
P09,volatile,P09-D3-S2,T2,2026-06-03 13:13:45,26,Player,800,Player,800,True
P09,volatile,P09-D3-S2,T2,2026-06-03 13:14:30,27,Banker,800,Player,0.0,False
P09,volatile,P09-D3-S2,T2,2026-06-03 13:15:15,28,Player,400,Banker,0.0,False
P09,volatile,P09-D3-S2,T2,2026-06-03 13:16:00,29,Banker,500,Banker,475.0,True
P09,volatile,P09-D3-S2,T2,2026-06-03 13:16:45,30,Banker,200,Player,0.0,False
